Tanggal,Rainfall,Water Level,Water Discharge,Tides,Temperature,Humidity
1/1/2018,0,1.08,7.22,1.4,28,86
2/1/2018,0,0.97,5.6,1.5,28.2,88
3/1/2018,0,0.92,4.9,1.5,27.9,87
4/1/2018,0,0.93,4.83,1.5,28.3,87
5/1/2018,3,1.03,5.6,1.5,28.5,85
6/1/2018,0,0.89,4.1,1.4,28.2,86
7/1/2018,15,0.94,4.46,1.4,27.3,89
8/1/2018,31,1.57,12.58,1.3,27.5,87
9/1/2018,2,1.19,6.76,1.3,28.1,86
10/1/2018,17.5,1,4.42,1.3,27,89
11/1/2018,162,1.37,10.45,1.2,25.9,92
12/1/2018,91,4.39,108.67,1.2,25.3,91
13-01-2018,54,3.01,51.7,1.3,25.5,89
14-01-2018,0,2.47,30.7,1.3,25.5,90
15-01-2018,20,1.94,17.49,1.4,25.5,92
16-01-2018,100,2.43,28.95,1.5,24.7,93
17-01-2018,24,4.08,91.11,1.5,25,95
18-01-2018,30,3.52,68.42,1.5,26.1,90
19-01-2018,35,2.49,29.63,1.4,26.6,90
20-01-2018,50,2.32,23.86,1.4,26.8,87
21-01-2018,52,3.26,52.54,1.3,27.5,85
22-01-2018,6,3.6,65.83,1.3,28,87
23-01-2018,0,2.47,27.36,1.3,28.1,84
24-01-2018,0,1.74,11.42,1.2,28.5,83
25-01-2018,12,1.46,7.16,1.3,29,79
26-01-2018,23,1.45,7.18,1.3,28,84
27-01-2018,0,1.29,5.35,1.3,28.1,85
28-01-2018,0,1.38,6.49,1.4,28.3,83
29-01-2018,3,1.19,4.5,1.4,30,75
30-01-2018,25,1.12,3.91,1.4,29,81
31-01-2018,2,1.19,4.64,1.4,29.4,76
1/2/2018,17.5,1.29,5.92,1.4,27.1,87
2/2/2018,18,1.46,8.07,1.4,27.5,85
3/2/2018,20,1.74,12.43,1.4,26.3,86
4/2/2018,14,1.61,10.45,1.3,26.5,84
5/2/2018,37,1.54,9.66,1.3,28.3,83
6/2/2018,32,2.04,19.41,1.3,25.8,91
7/2/2018,193,3.94,87.41,1.2,25.6,92
8/2/2018,31,5.48,164.62,1.2,25,93
9/2/2018,32,3.87,86.97,1.2,,
10/2/2018,34,3.22,55.63,1.3,25.3,92
11/2/2018,52,3.85,83.8,1.3,25.4,92
12/2/2018,7,3.13,56.31,1.3,26.3,87
13-02-2018,77,2.46,31.25,1.4,25.7,91
14-02-2018,70,4.15,98.32,1.4,25.9,92
15-02-2018,98,4.91,135.68,1.4,24.6,95
16-02-2018,22,4.78,129.65,4,25.6,92
17-02-2018,0,3.41,70.07,1.3,27.4,85
18-02-2018,0,2.17,25.41,1.3,28,84
19-02-2018,0,1.73,15.25,1.3,27,85
20-02-2018,4,1.39,9.43,1.2,,
21-02-2018,8,1.29,7.98,1.2,28.4,81
22-02-2018,25,1.25,7.65,1.2,27.9,76
23-02-2018,5,1.74,16.09,1.2,27.7,80
24-02-2018,6,1.25,8,1.3,27.9,83
25-02-2018,0,1.33,9.23,1.3,27.2,85
26-02-2018,0,2.16,26.13,1.3,27.1,85
27-02-2018,0,1.23,8.22,1.3,27.7,86
28-02-2018,0,1.11,6.47,1.3,28.1,82
1/3/2018,4,1.05,5.94,1.3,26.1,89
2/3/2018,8,1.07,6.15,1.3,27.8,82
3/3/2018,0,1.04,5.96,1.2,28.6,80
4/3/2018,0,0.98,5.44,1.2,28.7,80
5/3/2018,2,0.92,4.83,1.2,27.9,86
6/3/2018,15,1.04,6.21,1.2,27.9,83
7/3/2018,37,1.05,6.54,1.2,29.1,74
8/3/2018,26,1.89,21.46,1.3,26.6,88
9/3/2018,30,1.94,22.88,1.3,25.3,91
10/3/2018,2,1.7,17.94,1.2,27.6,83
11/3/2018,20,1.44,12.81,1.2,27.2,85
12/3/2018,0,1.29,10.49,1.2,27.4,84
13-03-2018,97,1.32,11.36,1.3,28.6,80
14-03-2018,2,3.09,61.11,1.3,25.6,89
15-03-2018,46,2.11,30.38,1.3,27.8,86
16-03-2018,3,2.39,37.69,1.2,26.7,91
17-03-2018,34,1.78,21.36,1.2,25.2,93
18-03-2018,9,1.76,20.49,1.1,25.3,92
19-03-2018,0,1.51,15.55,1.1,27.6,83
20-03-2018,0,1.27,11.31,1.2,33.2,57
21-03-2018,1,1.17,9.79,1.3,28.3,84
22-03-2018,121,1.81,25.2,1.3,26.1,89
23-03-2018,0,3.82,99.16,1.3,27.8,81
24-03-2018,0,1.85,25.1,1.3,27.6,83
25-03-2018,0,1.53,16.94,1.3,27.6,86
26-03-2018,0,1.54,17.16,1.2,26.5,85
27-03-2018,16,1.37,14.21,1.2,28.1,85
28-03-2018,18.5,1.28,12.63,1.2,27.4,86
29-03-2018,4,1.46,15.97,1.1,27.7,87
30-03-2018,9.5,1.61,19.38,1.1,27.2,86
31-03-2018,18,1.64,20.36,1.1,26.9,87
1/4/2018,11,1.32,14.1,1,27.7,86
2/4/2018,0,1.15,11.22,1.2,28.1,84
3/4/2018,0,1.32,14.43,1.4,27.5,84
4/4/2018,28,1.28,14.05,1.4,28.4,82
5/4/2018,0,1.15,11.57,1.4,28.3,82
6/4/2018,0,1.32,14.7,1.4,28.7,81
7/4/2018,79,1.9,28.61,1.4,28.2,81
8/4/2018,5,1.32,15.38,1.3,28.2,76
9/4/2018,0,1.12,11.67,1.2,28.8,75
10/4/2018,0,0.99,9.73,1.2,28.6,78
11/4/2018,0,0.89,8.47,1.1,29,83
12/4/2018,0,0.85,8,1.1,29.3,78
13-04-2018,0,0.82,7.61,1.1,29.3,78
14-04-2018,0,0.77,7.21,1,29.1,79
15-04-2018,0,0.77,7.27,1.1,29.1,81
16-04-2018,0,0.77,7.42,1.2,28.6,84
17-04-2018,11,0.81,8.01,1.3,28.3,88
18-04-2018,6.5,0.99,10.91,1.4,27.8,86
19-04-2018,7,1.63,23.75,1.4,27.8,86
20-04-2018,0,1.36,17.64,1.4,27.4,84
21-04-2018,82,1.75,26.48,1.4,27.2,87
22-04-2018,5.5,1.5,20.52,1.4,27.6,87
23-04-2018,2,1.39,17.94,1.3,28.7,75
24-04-2018,0,1.21,14.47,1.3,29.5,76
25-04-2018,17,1.19,13.7,1.2,28.6,77
26-04-2018,0,1.08,11.74,1.1,28.6,77
27-04-2018,0,1.05,11.24,1,28.7,79
28-04-2018,0,0.97,9.95,1,28.5,79
29-04-2018,12,0.92,9.07,1.1,28.4,72
30-04-2018,0,0.83,7.86,1.2,28.1,80
1/5/2018,0,0.77,6.98,1.3,28.8,72
2/5/2018,0,0.73,6.4,1.4,28.5,77
3/5/2018,0,0.78,7,1.5,28.8,76
4/5/2018,0,0.72,6.22,1.5,28.6,72
5/5/2018,0,0.67,5.66,1.5,28.4,75
6/5/2018,0,0.67,5.52,1.5,29.5,78
7/5/2018,0,0.62,4.99,1.4,29.5,76
8/5/2018,0,0.62,4.92,1.3,28.7,78
9/5/2018,12,0.62,4.87,1.3,29,77
10/5/2018,0,0.6,4.65,1.1,29.4,81
11/5/2018,7,0.57,4.28,1.1,28.5,80
12/5/2018,0,0.57,4.22,1.1,29.3,81
13-05-2018,0,0.57,4.19,1.1,29.3,83
14-05-2018,0,0.58,4.27,1.2,27,90
15-05-2018,24,0.69,5.35,1.3,28.5,83
16-05-2018,14,0.62,4.66,1.4,29,83
17-05-2018,0,0.62,4.54,1.5,28.4,82
18-05-2018,0,0.57,4.06,1.5,28.7,82
19-05-2018,0,0.57,4,1.5,28.9,83
20-05-2018,0,0.57,3.96,1.5,29.1,77
21-05-2018,0,0.57,3.93,1.5,28.3,80
22-05-2018,0,0.57,3.87,1.4,29,81
23-05-2018,0,0.52,3.42,1.3,29.3,80
24-05-2018,0,0.52,3.35,1.2,28,88
25-05-2018,0,0.52,3.32,1.2,27.9,84
26-05-2018,0,0.52,3.29,1.1,27.5,89
27-05-2018,0,0.52,3.25,1.1,28.5,85
28-05-2018,7,0.49,3.02,1.2,29.6,79
29-05-2018,0,0.47,2.85,1.3,28.9,80
30-05-2018,0,0.47,2.82,1.4,28.5,80
31-05-2018,0,0.49,2.91,1.5,29.1,79
1/6/2018,0,0.47,2.77,1.6,28.1,82
2/6/2018,0,0.47,2.64,1.6,28.8,80
3/6/2018,0,0.42,2.33,1.5,28.1,88
4/6/2018,0,0.42,2.29,1.5,27.9,85
5/6/2018,8.5,0.42,2.28,1.4,28.3,81
6/6/2018,0,0.47,2.53,1.4,28,86
7/6/2018,0,0.47,2.53,1.2,28.6,77
8/6/2018,0,0.47,2.5,1.2,28.6,74
9/6/2018,0,0.47,2.48,1.2,28,74
10/6/2018,0,0.47,2.45,1.2,28,81
11/6/2018,52,0.47,2.43,1.2,28.2,81
12/6/2018,0,0.47,2.4,1.3,28.4,84
13-06-2018,22,0.47,2.38,1.4,28.3,85
14-06-2018,0,0.47,2.33,1.5,28.3,82
15-06-2018,0,0.42,1.99,1.5,28.4,77
16-06-2018,0,0.42,1.94,1.5,27.6,79
17-06-2018,0,0.42,1.95,1.5,27.8,73
18-06-2018,0,0.47,2.23,1.5,28,80
19-06-2018,0,0.47,2.23,1.4,27.7,86
20-06-2018,0,0.5,2.41,1.4,25.1,92
21-06-2018,0,0.83,5.22,1.3,27.6,83
22-06-2018,16,0.77,4.67,1.3,27.1,86
23-06-2018,0,0.72,4.11,1.2,27.9,82
24-06-2018,0,0.67,3.66,1.2,27.7,82
25-06-2018,25,0.86,5.43,1.2,27,86
26-06-2018,9,0.87,5.53,1.3,27.1,86
27-06-2018,12,0.82,5,1.4,26.2,91
28-06-2018,9,0.82,4.9,1.5,26.6,87
29-06-2018,2,0.77,4.38,1.5,27.3,88
30-06-2018,0,0.72,3.86,1.5,27,85
1/7/2018,0,0.67,3.34,1.5,27.8,77
2/7/2018,0,0.64,3.17,1.5,27.4,84
3/7/2018,10,0.94,5.98,1.4,25.2,93
4/7/2018,16,1.12,8.32,1.4,27.3,82
5/7/2018,23,1.05,7.3,1.3,26.5,83
6/7/2018,0,0.97,6.23,1.3,27.2,81
7/7/2018,0,0.9,5.44,1.2,27.1,82
8/7/2018,0,0.8,4.39,1.3,27.5,77
9/7/2018,0,0.77,3.97,1.3,27.4,76
10/7/2018,0,0.72,3.54,1.3,27,74
11/7/2018,0,0.72,3.44,1.4,26.2,76
12/7/2018,0,0.72,3.39,1.4,27.4,79
13-07-2018,0,0.67,3.05,1.5,28,78
14-07-2018,0,0.67,2.99,1.5,27.9,77
15-07-2018,0,0.67,2.94,1.5,27.6,80
16-07-2018,0,0.59,2.32,1.5,27.4,80
17-07-2018,0,0.52,1.83,1.4,27.3,79
18-07-2018,0,0.47,1.56,1.4,27.9,80
19-07-2018,0,0.47,1.52,1.3,28,81
20-07-2018,0,0.47,1.5,1.3,28,83
21-07-2018,0,0.47,1.46,1.3,26.4,86
22-07-2018,7,0.44,1.28,1.2,27.9,80
23-07-2018,26,0.44,1.25,1.2,28.1,77
24-07-2018,0,0.42,1.16,1.3,28.4,78
25-07-2018,0,0.42,1.14,1.3,27.8,73
26-07-2018,0,0.42,1.11,1.4,28.2,76
27-07-2018,0,0.37,0.88,1.4,28.7,74
28-07-2018,0,0.37,0.85,1.5,28.8,68
29-07-2018,0,0.37,0.84,1.5,28.2,75
30-07-2018,0,0.37,0.83,1.4,27.9,74
31-07-2018,0,0.37,0.81,1.4,27.1,76
1/8/2018,0,0.37,0.8,1.3,27.5,70
2/8/2018,0,0.37,0.8,1.3,27.1,70
3/8/2018,0,0.42,0.97,1.2,27.8,73
4/8/2018,0,0.42,0.97,1.2,27.7,72
5/8/2018,0,0.42,0.92,1.2,28,71
6/8/2018,0,0.42,0.91,1.3,27.8,73
7/8/2018,0,0.44,1,1.3,28.3,70
8/8/2018,0,0.44,0.99,1.3,28,75
9/8/2018,0,0.44,0.97,1.4,28.7,73
10/8/2018,2,0.44,0.93,1.4,29,70
11/8/2018,0,0.44,0.9,1.4,28.8,67
12/8/2018,0,0.44,0.89,1.4,28.1,71
13-08-2018,0,0.44,0.88,1.4,28.8,75
14-08-2018,0,0.44,0.87,1.3,28.2,68
15-08-2018,0,0.47,0.99,1.3,27.4,67
16-08-2018,0,0.47,0.98,1.3,29.6,52
17-08-2018,0,0.47,0.97,1.2,27.7,68
18-08-2018,0,0.47,0.91,1.2,28.1,71
19-08-2018,0,0.47,0.9,1.2,28,72
20-08-2018,0,0.47,0.89,1.2,28.2,73
21-08-2018,0,0.47,0.87,1.2,28,72
22-08-2018,0,0.47,0.86,1.3,28.9,71
23-08-2018,0,0.47,0.85,1.3,28.1,68
24-08-2018,0,0.47,0.83,1.3,27.8,73
25-08-2018,2.5,0.47,0.82,1.4,27.3,74
26-08-2018,0,0.47,0.81,1.4,27.8,71
27-08-2018,0,0.47,0.79,1.3,28,68
28-08-2018,0,0.47,0.77,1.3,28.1,68
29-08-2018,0,0.42,0.59,1.2,29.6,72
30-08-2018,0,0.42,0.63,1.2,27.6,81
31-08-2018,0,0.41,0.63,1.1,27.7,78
1/9/2018,0,0.41,0.66,1.1,28.1,73
2/9/2018,6,0.4,0.67,1.2,29.2,73
3/9/2018,0,0.4,0.7,1.2,28.2,74
4/9/2018,0,0.41,0.77,1.3,28.3,80
5/9/2018,0,0.41,0.8,1.3,28.2,76
6/9/2018,0,0.41,0.84,1.3,29,73
7/9/2018,0,0.42,0.91,1.3,28,70
8/9/2018,0,0.42,0.99,1.3,28,70
9/9/2018,0,0.42,1.03,1.2,27.8,72
10/9/2018,0,0.42,1.08,1.2,28.1,72
11/9/2018,0,0.42,1.13,1.2,27.7,74
12/9/2018,0,0.44,1.23,1.2,27.8,74
13-09-2018,0,0.44,1.29,1.2,27.5,77
14-09-2018,0,0.44,1.34,1.3,28,74
15-09-2018,0,0.44,1.39,1.3,27.4,73
16-09-2018,0,0.44,1.48,1.3,28.1,71
17-09-2018,0,0.44,1.54,1.3,28.7,75
18-09-2018,0,0.44,1.59,1.2,28.5,79
19-09-2018,0,0.44,1.64,1.2,29.5,75
20-09-2018,0,0.45,1.74,1.2,27.6,76
21-09-2018,0,0.47,1.91,1.2,27.7,68
22-09-2018,0,0.47,1.99,1.2,28.1,76
23-09-2018,0,0.47,2.09,1.2,28.8,71
24-09-2018,0,0.47,2.15,1.2,28.3,73
25-09-2018,0,0.47,2.22,1.1,28.4,76
26-09-2018,0,0.34,1.56,1.1,29.4,71
27-09-2018,0,0.27,1.17,1.2,29.1,70
28-09-2018,0,0.27,1.22,1.3,27.7,74
29-09-2018,0,0.27,1.26,1.4,28.5,76
30-09-2018,0,0.27,1.31,1.4,28.5,79
1/10/2018,0,0.27,1.35,1.4,28.5,73
2/10/2018,0,0.27,1.42,1.3,28.9,70
3/10/2018,0,0.27,1.49,1.2,29.5,64
4/10/2018,0,0.26,1.5,1.2,29.4,71
5/10/2018,0,0.24,1.45,1.2,30.4,74
6/10/2018,0,0.21,1.31,1.2,30,69
7/10/2018,0,0.19,1.27,1.1,28.6,76
8/10/2018,0,0.17,1.23,1.1,28,79
9/10/2018,0,0.16,1.22,1,28.8,66
10/10/2018,0,0.14,1.19,1.2,29.2,74
11/10/2018,0,0.14,1.22,1.3,28.9,73
12/10/2018,0,0.11,1.15,1.4,29.3,68
13-10-2018,0,0.11,1.18,1.4,29.2,74
14-10-2018,0,0.1,1.19,1.4,29.1,72
15-10-2018,0,0.1,1.23,1.4,28.1,74
16-10-2018,0,0.1,1.27,1.4,29.1,73
17-10-2018,0,0.09,1.28,1.3,29.3,74
18-10-2018,0,0.09,1.32,1.2,27.8,74
19-10-2018,0,0.1,1.41,1.1,28.9,74
20-10-2018,0,0.19,2.06,1.1,28.7,74
21-10-2018,0,0.2,2.18,1.1,28.5,75
22-10-2018,15,0.2,2.24,1,30,71
23-10-2018,0,0.21,2.41,1.1,28.9,75
24-10-2018,0,0.39,3.85,1.2,29.5,74
25-10-2018,0,0.35,3.7,1.3,29.9,71
26-10-2018,0,0.35,3.73,1.4,29.7,68
27-10-2018,0,0.3,3.39,1.5,29.6,70
28-10-2018,0,0.3,3.43,1.5,29.5,69
29-10-2018,0,0.3,3.59,1.5,29.6,71
30-10-2018,0,0.3,3.68,1.4,29.5,76
31-10-2018,0,0.3,3.76,1.4,30.1,73
1/11/2018,0,0.3,3.86,1.4,29.3,77
2/11/2018,28,0.32,4.15,1.3,30,74
3/11/2018,0,0.4,4.96,1.2,29.5,74
4/11/2018,0,0.4,5.11,1.2,29.1,78
5/11/2018,0,0.41,5.29,1.2,28.6,82
6/11/2018,0,0.5,6.48,1.2,29,77
7/11/2018,31,0.7,9.39,1.1,29.5,73
8/11/2018,135,1.11,16.74,1.1,27.8,86
9/11/2018,56,1.1,16.74,1,27.9,83
10/11/2018,0,1.09,16.72,1.2,28.9,77
11/11/2018,0,0.99,14.62,1.3,29.6,78
12/11/2018,0,0.85,11.8,1.4,29.1,82
13-11-2018,47,0.69,9.11,1.5,29.1,77
14-11-2018,0,0.64,8.17,1.5,30.2,74
15-11-2018,0,0.55,6.81,1.4,30,76
16-11-2018,0,0.5,5.98,1.4,29.3,77
17-11-2018,0,0.51,5.93,1.3,28.4,82
18-11-2018,71,1.14,15.28,1.2,28.8,84
19-11-2018,12,1.13,14.98,1.1,28.7,83
20-11-2018,0,1.06,13.51,1.1,30.3,80
21-11-2018,0,1,12.13,1.1,26.9,89
22-11-2018,0,1,11.81,1,28.3,82
23-11-2018,28,0.95,10.83,1.1,27.5,83
24-11-2018,0,0.94,10.49,1.2,27.8,84
25-11-2018,11.5,1.32,16.98,1.3,27.3,87
26-11-2018,0,1.58,22.56,1.4,28.4,83
27-11-2018,0,1.18,14.24,1.5,29.3,78
28-11-2018,0,0.89,8.9,1.5,29.6,80
29-11-2018,16.5,0.82,7.68,1.4,27.9,86
30-11-2018,31,1.26,14.85,1.4,28,83
1/12/2018,38,2.8,58.39,1.3,27.5,87
2/12/2018,53,2.93,64.04,1.2,27.7,85
3/12/2018,0,3.11,71.24,1.2,28.8,82
4/12/2018,21,3.78,103.52,1.2,28.8,79
5/12/2018,26,2.86,60.43,1.1,28.6,84
6/12/2018,51,2.92,61.38,1.2,28.6,81
7/12/2018,7,2.5,45.27,1.3,29.8,81
8/12/2018,0,2.12,32.44,1.5,29.5,84
9/12/2018,3,2.81,55.1,1.5,28.8,86
10/12/2018,0,3.79,99.23,1.6,28.9,84
11/12/2018,162,4.23,119.19,1.5,29.5,82
12/12/2018,49,3.53,86.15,1.5,27.9,84
13-12-2018,2,2.79,53.27,1.4,26.9,88
14-12-2018,28,1.67,19.58,1.3,28.6,79
15-12-2018,21,1.56,16.25,1.3,28,86
16-12-2018,57,2.27,34.29,1.2,26,91
17-12-2018,75,2.67,46.27,1.2,,
18-12-2018,30,2.24,32.23,1.2,27.9,79
19-12-2018,22,1.86,21.76,1.3,,
20-12-2018,8,1.52,14.37,1.3,27.8,82
21-12-2018,2,1.61,17.66,1.4,,
22-12-2018,47,4.23,110.69,1.5,24.8,94
23-12-2018,28,3.22,65.27,1.5,26.2,86
24-12-2018,49,2.59,40.53,1.5,,
25-12-2018,2,2.03,23.97,1.5,,
26-12-2018,0,1.55,13.35,1.5,26.5,86
27-12-2018,18,1.37,10.14,1.4,,
28-12-2018,130,3.56,78.25,1.4,24.3,93
29-12-2018,27,3.33,66.58,1.3,25.4,88
30-12-2018,0,2.69,40.88,1.3,26.8,88
31-12-2018,0,2.04,22.41,1.2,27.6,85
1/1/2019,27,1.78,16.2,1.2,25.9,89
2/1/2019,38,1.92,19.2,1.2,24.7,93
3/1/2019,28,3.14,55.2,1.3,27.4,82
4/1/2019,0,3.05,52,1.4,27.4,83
5/1/2019,5,2.15,24.7,1.5,26.8,86
6/1/2019,0,1.94,19.7,1.5,27.9,78
7/1/2019,0,1.56,12,1.5,29,78
8/1/2019,0,1.43,9.77,1.5,28.4,80
9/1/2019,26,1.77,16,1.5,28.1,79
10/1/2019,2,1.56,12,1.4,28.9,80
11/1/2019,0,1.37,8.85,1.4,28.6,74
12/1/2019,42,1.38,9,1.3,29,74
13-01-2019,2,2.08,22.9,1.3,28.7,83
14-01-2019,98,1.97,20.3,1.2,27.9,86
15-01-2019,56,4.39,110 E,1.2,27.1,86
16-01-2019,83,4.26,103 E,1.3,26.5,90
17-01-2019,34,5.32,161 E,1.3,25.6,90
18-01-2019,0,3.96,88.9 E,1.4,27,85
19-01-2019,0,2.4,31.3,1.4,28.3,83
20-01-2019,10,2.27,27.8,1.4,,
21-01-2019,237,1.81,16.8,1.5,27.3,88
22-01-2019,110,5.77,189 E,1.5,26.8,89
23-01-2019,46,5.64,181 E,1.4,27.7,84
24-01-2019,5,4.27,104 E,1.4,28.4,85
25-01-2019,33,2.85,45.1,1.4,,
26-01-2019,12,2.82,44.1,1.3,28.5,83
27-01-2019,22,2.18,25.4,1.3,,
28-01-2019,17,2.47,33.3,1.3,27.4,81
29-01-2019,63,3.17,56.3,1.2,25.7,86
30-01-2019,0,2.7,40.2 *,1.2,27.4,84
31-01-2019,36,2,21,1.3,28,83
1/2/2019,4,1.87,18.1,1.3,27.9,84
2/2/2019,4,1.6,12.7,1.4,26.7,89
3/2/2019,1,1.44,9.93,1.4,27.8,81
4/2/2019,17,1.33,8.29,1.5,27.4,86
5/2/2019,82,1.36,8.71,1.5,28.4,84
6/2/2019,0,4.06,93.6 E,1.4,27.8,84
7/2/2019,0,2.15,24.7,1.4,27.3,82
8/2/2019,40,1.7,14.6,1.3,27.9,83
9/2/2019,7,1.57,12.2,1.3,25.3,94
10/2/2019,0,1.39,9.14,1.2,26.7,86
11/2/2019,25,1.75,15.6,1.2,27.4,85
12/2/2019,29,1.8,16.6,1.2,27.9,82
13-02-2019,0,2.83,44.4,1.3,27.2,83
14-02-2019,0,1.77,16,1.3,28.4,80
15-02-2019,3,1.43,9.77,1.3,28.6,77
16-02-2019,4.5,1.55,11.8,1.3,27.5,84
17-02-2019,0,1.62,13.1,1.4,28.3,79
18-02-2019,0,1.28,7.61,1.4,28.5,77
19-02-2019,0,1.13,5.77,1.4,28.5,76
20-02-2019,3.5,1.02,4.59,1.3,28.6,72
21-02-2019,0,1,4.39,1.3,28.8,76
22-02-2019,0,0.97,4.1,1.3,27.9,76
23-02-2019,28,0.9,3.47,1.2,27.7,78
24-02-2019,13,1.13,5.77,1.2,28.1,81
25-02-2019,0,1.08,5.21,1.2,,
26-02-2019,0,1.07,5.1,1.2,,
27-02-2019,43,1.01,4.49,1.2,28.4,79
28-02-2019,0,1.23,6.97,1.2,28.6,79
1/3/2019,14.5,1.17,6.23,1.3,28.8,78
2/3/2019,9,1.34,8.43,1.3,27.6,83
3/3/2019,5.5,2.14,24.4,1.3,27.3,83
4/3/2019,7.5,1.52,11.3,1.3,27.9,81
5/3/2019,11,1.29,7.75,1.3,27.7,83
6/3/2019,34,1.21,6.72,1.3,27.6,81
7/3/2019,0,1.92,19.2,1.2,24.6,94
8/3/2019,53,2.82,44.1,1.2,27,86
9/3/2019,29,1.82,17,1.1,28.5,80
10/3/2019,0,1.52,11.3,1.2,27.8,83
11/3/2019,16,1.54,11.6,1.2,28.2,81
12/3/2019,36,1.79,16.4,1.3,,
13-03-2019,14,1.67,14,1.3,26.8,87
14-03-2019,14.5,1.63,13.3,1.3,,
15-03-2019,0,1.48,10.6,1.3,25.5,90
16-03-2019,35.5,1.5,10.9,1.3,,
17-03-2019,10,2.13,24.2,1.3,28.5,82
18-03-2019,0,1.78,16.2,1.3,,
19-03-2019,0,1.45,10.1,1.3,28.4,83
20-03-2019,0,1.22,6.84,1.2,,
21-03-2019,0,1.13,5.77,1.1,29,76
22-03-2019,0,1.03,4.69,1.1,28.9,80
23-03-2019,0,0.97,4.1,1.1,29,82
24-03-2019,0,0.9,3.47,1.2,29.5,77
25-03-2019,0,0.9,3.47,1.3,28.7,79
26-03-2019,0,0.85,3.05,1.4,28.8,78
27-03-2019,8,0.85,3.05,1.4,28.7,80
28-03-2019,0,0.81,2.74,1.4,,
29-03-2019,24,0.8,2.66,1.3,27.4,82
30-03-2019,0,1.08,5.21,1.2,28.2,82
31-03-2019,5,0.88,3.3,1.2,27.4,88
1/4/2019,0,0.8,2.66,1.2,27,86
2/4/2019,8.5,0.8,2.66,1.2,27.1,85
3/4/2019,0,0.79,2.59,1.1,27.9,86
4/4/2019,4.5,0.75,2.3,1.1,27.1,87
5/4/2019,17,0.81,2.74,1,28.5,78
6/4/2019,7,0.75,2.3,1.2,27,88
7/4/2019,0,0.75,2.3,1.3,28,86
8/4/2019,0,0.71,2.03,1.3,29,78
9/4/2019,0,0.7,1.97,1.4,29.4,77
10/4/2019,0,0.66,1.72,1.4,29.7,77
11/4/2019,0,0.65,1.67,1.4,29.1,74
12/4/2019,44,0.65,1.67,1.3,28.6,80
13-04-2019,34,1.13,5.77,1.3,28.5,82
14-04-2019,1.5,2.23,26.7,1.3,28,84
15-04-2019,0,1.52,11.3,1.2,28.4,80
16-04-2019,0,1.18,6.35,1.1,29.2,80
17-04-2019,0,0.98,4.19,1,28.7,77
18-04-2019,0,1.48,10.6,1,29.9,74
19-04-2019,0,1.05,4.89,1,29.1,72
20-04-2019,19,0.93,3.73,1.2,29.5,76
21-04-2019,12,1.08,5.21,1.3,28.4,79
22-04-2019,0,1.23,6.97,1.5,28.8,78
23-04-2019,0,1.02,4.59,1.5,28.2,84
24-04-2019,0,0.9,3.47,1.5,29.3,81
25-04-2019,0,0.85,3.05,1.5,28.6,81
26-04-2019,0,0.79,2.59,1.4,28.9,81
27-04-2019,6,0.75,2.3,1.4,29.2,79
28-04-2019,72,0.8,2.66,1.3,28.4,85
29-04-2019,20,3.47,67.9,1.2,27.6,79
30-04-2019,0,2.17,25.2,1.1,28.2,78
1/5/2019,0,1.58,12.3,1,28.9,75
2/5/2019,18,1.48,10.6,1,26.8,85
3/5/2019,0,1.28,7.61,1.1,28.3,80
4/5/2019,21.5,1.1,5.43,1.2,28.5,80
5/5/2019,0,1.22,6.84,1.3,28.7,78
6/5/2019,38,1.17,6.23,1.4,29.5,74
7/5/2019,0,1.28,7.61,1.5,29.2,74
8/5/2019,0,1.08,5.21,1.5,29,79
9/5/2019,0,1,4.39,1.5,28.7,76
10/5/2019,0,0.9,3.47,1.5,29.6,73
11/5/2019,0,0.8,2.66,1.4,29,75
12/5/2019,0,0.79,2.59,1.4,29.2,79
13-05-2019,0,0.75,2.3,1.3,29.5,77
14-05-2019,0,0.8,2.66,1.2,29.2,78
15-05-2019,0,0.74,2.23,1.1,29.3,76
16-05-2019,0,0.7,1.97,1.1,29,77
17-05-2019,0,0.66,1.72,1.1,28.7,70
18-05-2019,0,0.63,1.55,1.2,28.8,73
19-05-2019,0,0.6,1.39,1.3,28.9,72
20-05-2019,0,0.6,1.39,1.5,29.5,75
21-05-2019,0,0.57,1.24,1.5,29.7,76
22-05-2019,0,0.55,1.14,1.6,27.9,85
23-05-2019,10,0.64,1.61,1.6,28,82
24-05-2019,0,0.61,1.44,1.3,,
25-05-2019,0,0.55,1.14,1.5,28.9,76
26-05-2019,0,0.53,1.05,1.4,28.6,77
27-05-2019,10,0.56,1.19,1.3,29.5,76
28-05-2019,14,0.55,1.14,1.2,28.3,79
29-05-2019,0,0.66,1.72,1.1,28.6,80
30-05-2019,0,0.6,1.39,1.1,28.8,76
31-05-2019,0,0.56,1.19,1.2,28.8,72
1/6/2019,0,0.53,1.05,1.2,28.5,80
2/6/2019,0,0.52,1,1.4,28.5,81
3/6/2019,0,0.52,1,1.4,28.3,80
4/6/2019,0,0.5,0.92,1.5,28.1,80
5/6/2019,0,0.52,1,1.5,28.3,83
6/6/2019,0,0.49,0.88,1.5,28.3,80
7/6/2019,0,0.44,0.69,1.5,28.3,79
8/6/2019,42,0.52,1,1.5,26.2,92
9/6/2019,0,0.93,3.73,1.4,27.3,88
10/6/2019,4,0.67,1.78,1.4,27.9,82
11/6/2019,0,0.61,1.44,1.3,28.3,84
12/6/2019,8,0.59,1.34,1.2,27.8,83
13-06-2019,0,0.68,1.85,1.2,27.8,86
14-06-2019,0,0.64,1.61,1.2,28.5,85
15-06-2019,0,0.56,1.19,1.2,27.6,69
16-06-2019,0,0.51,0.96,1.3,27.5,74
17-06-2019,0,0.49,0.88,1.4,27.8,79
18-06-2019,0,0.45,0.72,1.5,28.4,66
19-06-2019,0,0.43,0.65,1.6,27.9,73
20-06-2019,0,0.4,0.55,1.6,27.6,71
21-06-2019,0,0.45,0.72,1.6,27.7,73
22-06-2019,0,0.43,0.65,1.5,28.3,74
23-06-2019,0,0.42,0.62,1.4,28.1,76
24-06-2019,0,0.44,0.69,1.4,27.9,76
25-06-2019,0,0.39,0.52,1.3,28.1,71
26-06-2019,0,0.41,0.58,1.2,27.5,72
27-06-2019,0,0.43,0.65,1.2,27.7,74
28-06-2019,0,0.4,0.55,1.2,27.2,70
29-06-2019,0,0.38,0.49,1.3,26.6,66
30-06-2019,0,0.4,0.55,1.3,27,65
1/7/2019,0,0.41,0.58,1.4,27.4,76
2/7/2019,0,0.39,0.52,1.5,27,84
3/7/2019,0,0.37,0.46,1.5,27,85
4/7/2019,0,0.4,0.55,1.5,27.4,84
5/7/2019,0,0.77,2.44,1.5,27.8,76
6/7/2019,0,0.62,1.5,1.5,28,72
7/7/2019,0,0.48,0.84,1.4,26.2,68
8/7/2019,0,0.42,0.62,1.4,26.3,73
9/7/2019,0,0.41,0.58,1.4,26.6,79
10/7/2019,0,0.4,0.55,1.3,27.6,75
11/7/2019,0,0.38,0.49,1.3,27.3,74
12/7/2019,0,0.39,0.52,1.2,27.6,78
13-07-2019,0,0.38,0.49,1.2,27.8,68
14-07-2019,0,0.36,0.43,1.3,27.2,69
15-07-2019,0,0.35,0.4,1.4,26.9,69
16-07-2019,0,0.32,0.33,1.4,27.4,68
17-07-2019,0,0.3,0.28,1.5,27.8,72
18-07-2019,0,0.33,0.35,1.5,28.7,72
19-07-2019,0,0.33,0.35,1.5,28.9,74
20-07-2019,0,0.27,0.22,1.5,28.6,77
21-07-2019,0,0.29,0.26,1.4,28.1,70
22-07-2019,0,0.28,0.24,1.4,26.2,72
23-07-2019,0,0.31,0.3,1.3,26.3,66
24-07-2019,0,0.28,0.24,1.2,26.9,68
25-07-2019,0,0.32,0.33,1.2,26.5,71
26-07-2019,0,0.32,0.33,1.2,26.5,71
27-07-2019,0,0.32,0.33,1.3,27.6,76
28-07-2019,0,0.28,0.24,1.3,27,71
29-07-2019,0,0.27,0.22,1.4,27.3,68
30-07-2019,0,0.27,0.22,1.4,28.5,54
31-07-2019,0,0.28,0.24,1.4,26.6,67
1/8/2019,0,0.28,0.24,1.5,26.5,65
2/8/2019,0,0.32,0.33,1.4,26.6,68
3/8/2019,0,0.28,0.24,1.4,26.4,65
4/8/2019,0,0.24,0.17,1.4,26.7,71
5/8/2019,0,0.2,0.11,1.3,26.9,69
6/8/2019,0,0.37,0.46,1.3,27.2,70
7/8/2019,0,0.27,0.22,1.3,27.3,71
8/8/2019,0,0.22,0.13,1.2,27.6,68
9/8/2019,0,0.2,0.11,1.2,27.4,70
10/8/2019,0,0.2,0.11,1.2,27.6,73
11/8/2019,0,0.23,0.15,1.3,27.3,75
12/8/2019,0,0.2,0.11,1.3,27.6,78
13-08-2019,0,0.2,0.11,1.4,27.9,74
14-08-2019,0,0.12,0.03,1.4,28.3,60
15-08-2019,0,0.12,0.03,1.4,27.5,64
16-08-2019,0,0.12,0.03,1.4,27.9,70
17-08-2019,0,0.12,0.03,1.4,28.4,69
18-08-2019,0,0.08,0.01,1.3,28.1,66
19-08-2019,0,0.09,0.01,1.3,27.3,78
20-08-2019,0,0.08,0.01,1.2,27.6,76
21-08-2019,0,0.05,0,1.2,28.6,60
22-08-2019,0,0,0,1.2,27.1,69
23-08-2019,0,0,0,1.2,27.9,67
24-08-2019,0,0,0,1.2,28.5,72
25-08-2019,0,0,0,1.3,27.9,74
26-08-2019,0,0,0,1.3,28.8,62
27-08-2019,0,0,0,1.4,27.8,62
28-08-2019,0,0,0,1.4,27.4,60
29-08-2019,0,0,0,1.4,26.7,61
30-08-2019,0,0,0,1.3,27.4,79
31-08-2019,0,0,0,1.3,27.8,81
1/9/2019,0,0,0,1.2,27.7,82
2/9/2019,0,0,0,1.2,27.7,85
3/9/2019,0,0,0,1.2,26.3,83
4/9/2019,0,0,0,1.2,26.9,82
5/9/2019,0,0,0,1.3,27.3,84
6/9/2019,0,0,0,1.3,27.6,74
7/9/2019,0,0,0,1.2,29.4,76
8/9/2019,0,0,0,1.2,27.9,80
9/9/2019,0,0,0,1.2,27.5,75
10/9/2019,0,0,0,1.3,27.1,72
11/9/2019,0,0,0,1.3,26.3,72
12/9/2019,0,0,0,1.3,26.8,79
13-09-2019,0,0,0,1.3,26.4,72
14-09-2019,0,0,0,1.3,27,75
15-09-2019,0,0,0,1.2,27.7,75
16-09-2019,0,0,0,1.2,27.4,84
17-09-2019,0,0,0,1.2,27.4,83
18-09-2019,0,0,0,1.3,,
19-09-2019,0,0,0,1.3,28.4,78
20-09-2019,0,0,0,1.3,29.3,79
21-09-2019,0,0,0,1.3,29.3,78
22-09-2019,0,0,0,1.2,29.7,80
23-09-2019,0,0,0,1.3,29,82
24-09-2019,0,0,0,1.3,28.3,80
25-09-2019,0,0,0,1.3,29.2,80
26-09-2019,0,0,0,1.2,29,84
27-09-2019,0,0,0,1.2,28.2,81
28-09-2019,0,0,0,1.1,29.3,75
29-09-2019,0,0,0,1.1,28.9,65
30-09-2019,0,0,0,1.2,28.1,74
1/10/2019,0,0,0,1.3,29.9,66
2/10/2019,0,0,0,1.4,28.9,75
3/10/2019,0,0,0,1.4,28.1,76
4/10/2019,0,0,0,1.4,28.7,70
5/10/2019,0,0,0,1.4,28.5,69
6/10/2019,0,0,0,1.3,29,66
7/10/2019,0,0,0,1.3,28.9,64
8/10/2019,0,0,0,1.2,28.9,70
9/10/2019,0,0,0,1.2,29.3,70
10/10/2019,0,0,0,1.2,29,75
11/10/2019,0,0,0,1.1,29.4,72
12/10/2019,0,0,0,1.1,28.5,72
13-10-2019,0,0,0,1.1,29.1,76
14-10-2019,0,0,0,1.2,,
15-10-2019,0,0,0,1.3,,
16-10-2019,0,0,0,1.4,29.2,70
17-10-2019,0,0,0,1.4,29.7,76
18-10-2019,0,0,0,1.4,29.9,74
19-10-2019,0,0,0,1.4,30.2,69
20-10-2019,0,0,0,1.4,30.2,70
21-10-2019,0,0,0,1.3,30.1,62
22-10-2019,0,0,0,1.2,30.1,64
23-10-2019,0,0,0,1.1,29.3,64
24-10-2019,0,0,0,1.1,,
25-10-2019,0,0,0,1.1,30.4,68
26-10-2019,0,0,0,1,,
27-10-2019,0,0,0,1.1,28.8,72
28-10-2019,0,0,0,1.2,,
29-10-2019,0,0,0,1.3,,
30-10-2019,0,0,0,1.4,29.8,73
31-10-2019,0,0,0,1.5,29.5,72
1/11/2019,0,0,0,1.5,28.8,78
2/11/2019,0,0,0,1.5,28.7,78
3/11/2019,0,0,0,1.5,29.4,73
4/11/2019,0,0,0,1.4,29.8,71
5/11/2019,0,0,0,1.3,28.5,76
6/11/2019,0,0,0,1.2,29.3,74
7/11/2019,0,0,0,1.1,29,78
8/11/2019,0,0,0,1,28.8,82
9/11/2019,0,0,0,1,28.4,76
10/11/2019,0,0,0,1.1,29.3,78
11/11/2019,0,0,0,1.3,29.3,75
12/11/2019,0,0,0,1.4,27.6,84
13-11-2019,0,0.4,0.55,1.5,30,75
14-11-2019,0,0.35,0.4,1.5,29.1,76
15-11-2019,0,0.3,0.28,1.5,29,74
16-11-2019,0,0.31,0.3,1.5,29.3,76
17-11-2019,0,0.31,0.3,1.5,30.1,73
18-11-2019,0,0.3,0.28,1.4,29.8,73
19-11-2019,0,0.3,0.28,1.4,29.8,71
20-11-2019,0,0.25,0.18,1.3,29.3,69
21-11-2019,0,0.25,0.18,1.2,30,69
22-11-2019,0,0.22,0.13,1.1,30.1,70
23-11-2019,0,0.2,0.11,1.1,,
24-11-2019,0,0.2,0.11,1.1,29.7,73
25-11-2019,0,0.15,0.05,1.2,29.6,74
26-11-2019,0,0.12,0.03,1.3,,
27-11-2019,0,0.12,0.03,1.5,,
28-11-2019,0,0.12,0.03,1.5,29.5,76
29-11-2019,0,0.3,0.28,1.6,29.7,74
30-11-2019,0,0.6,1.39,1.6,,
1/12/2019,0,0.47,0.8,1.6,29.9,74
2/12/2019,0,0.4,0.55,1.5,29.9,78
3/12/2019,0,0.5,0.92,1.4,29.4,79
4/12/2019,0,0.97,4.1,1.3,28.6,81
5/12/2019,0,0.72,2.1,1.2,29.5,78
6/12/2019,0,0.58,1.29,1.2,,
7/12/2019,0,0.48,0.84,1.1,30,80
8/12/2019,0,0.5,0.92,1.2,,
9/12/2019,0,0.45,0.72,1.3,29.2,79
10/12/2019,0,0.38,0.49,1.4,28.6,80
11/12/2019,0,0.63,1.55,1.5,,
12/12/2019,0,0.55,1.14,1.5,29.5,77
13-12-2019,0,0.5,0.92,1.5,,
14-12-2019,0,0.5,0.92,1.6,28.3,81
15-12-2019,0,0.5,0.92,1.5,,
16-12-2019,0,1.08,5.21,1.5,28.2,80
17-12-2019,0,1.07,5.1,1.4,28.3,84
18-12-2019,0,1.2,6.59,1.3,28.8,82
19-12-2019,0,0.82,2.81,1.3,29,80
20-12-2019,0,1.07,5.1,1.2,28.7,82
21-12-2019,0,1.33,8.29,1.2,29.2,76
22-12-2019,0,1.53,11.5,1.2,28.8,80
23-12-2019,0,1.17,6.23,1.2,28.1,81
24-12-2019,0,1.27,7.48,1.2,29.7,73
25-12-2019,0,0.88,3.3,1.4,29.3,78
26-12-2019,0,2.1,23.4,1.5,28.4,80
27-12-2019,0,1.15,6,1.5,29.3,82
28-12-2019,0,1.47,10.4,1.6,29.5,83
29-12-2019,0,1.22,6.84,1.6,27.9,88
30-12-2019,0,0.93,3.73,1.6,29.1,80
31-12-2019,0,0.78,2.51,1.5,28.6,80
1/1/2020,33,0.72,2.1,1.4,28.3,83
2/1/2020,28,2.13,24.2,1.3,25.7,94
3/1/2020,7,2.18,25.4,1.2,25.5,90
4/1/2020,17,2.18,25.4,1.2,27.6,84
5/1/2020,48,1.83,17.3,1.2,26.8,84
6/1/2020,42,2.37,30.5,1.3,26.3,90
7/1/2020,32,2.87,45.8,1.3,27.6,84
8/1/2020,4,2.65,38.7,1.4,28.9,85
9/1/2020,33,1.93,19.4,1.5,27.1,91
10/1/2020,16,2.12,23.9,1.5,,
11/1/2020,58,1.5,10.9,1.5,27.2,90
12/1/2020,68,3.1,53.8,1.5,25.3,94
13-01-2020,4,3.83,83.1,1.5,27.8,85
14-01-2020,0,2.13,24.2,1.5,29.2,78
15-01-2020,0,1.47,10.4,1.4,28.2,81
16-01-2020,19,1.35,8.57,1.3,28.8,81
17-01-2020,0,2.25,27.2,1.3,28.9,80
18-01-2020,0,1.37,8.85,1.3,29.1,79
19-01-2020,0,1.1,5.43,1.3,29.4,79
20-01-2020,20,1.03,4.69,1.3,,
21-01-2020,0,0.93,3.73,1.3,28.9,82
22-01-2020,0,0.91,3.55,1.4,29.6,80
23-01-2020,0,0.84,2.97,1.4,29.3,82
24-01-2020,0,0.86,3.13,1.5,28.9,77
25-01-2020,0,1.08,5.21,1.5,29.6,79
26-01-2020,0,0.98,4.19,1.5,,
27-01-2020,0,0.82,2.81,1.4,29.6,80
28-01-2020,0,0.93,3.73,1.4,29.7,76
29-01-2020,0,0.78,2.51,1.3,29.9,78
30-01-2020,53,0.71,2.03,1.3,30.1,79
31-01-2020,23,3.48,68.3,1.2,27.7,84
1/2/2020,0,1.95,19.9,1.2,25.6,91
2/2/2020,0,1.43,9.77,1.2,28.5,84
3/2/2020,0,1.28,7.61,1.3,28.8,82
4/2/2020,11,1.1,5.43,1.3,27.8,86
5/2/2020,71,1.13,5.77,1.4,28.3,84
6/2/2020,17,1.88,18.3,1.4,29.7,83
7/2/2020,50,2.41,31.6,1.4,26.2,94
8/2/2020,6,3.05,52,1.4,27.5,86
9/2/2020,52,1.97,20.3,1.4,25.1,92
10/2/2020,20,3.63,74.5,1.4,27.3,88
11/2/2020,0,2.65,38.7,1.3,28,86
12/2/2020,0,1.93,19.4,1.3,27.8,86
13-02-2020,0,1.52,11.3,1.3,28.7,83
14-02-2020,0,1.3,7.88,1.2,28.8,81
15-02-2020,0,1.12,5.65,1.2,29.3,78
16-02-2020,21,1.03,4.69,1.2,28.8,82
17-02-2020,70,1.23,6.97,1.2,27.4,89
18-02-2020,35,2.83,44.4,1.3,25.4,94
19-02-2020,13,2.37,30.5,1.3,25.6,94
20-02-2020,17,1.9,18.8,1.3,26.2,91
21-02-2020,4,1.63,13.3,1.4,28.2,85
22-02-2020,0,1.78,16.2,1.4,27.3,84
23-02-2020,8,1.4,9.29,1.4,,
24-02-2020,0,1.22,6.84,1.4,28.8,81
25-02-2020,10,1.15,6,1.3,28.9,83
26-02-2020,35,1.18,6.35,1.3,28.8,85
27-02-2020,9,1.25,7.22,1.2,,
28-02-2020,9,1.21,6.72,1.2,28.1,84
29-02-2020,0,1.18,6.35,1.2,,
1/3/2020,0,1.06,5,1.2,28.5,81
2/3/2020,4,1.03,4.69,1.2,,
3/3/2020,20,1.11,5.54,1.2,28.3,86
4/3/2020,11,2.18,25.4,1.3,,
5/3/2020,145,2.42,31.9,1.3,27,88
6/3/2020,42,5.53,174,1.4,25.4,95
7/3/2020,5,4.6,120,1.3,26.9,89
8/3/2020,1,2.53,35,1.3,25.6,92
9/3/2020,0,1.72,15,1.3,28,80
10/3/2020,0,1.45,10.1,1.2,28.3,78
11/3/2020,0,1.25,7.22,1.2,29.7,77
12/3/2020,0,1.12,5.65,1.1,29.4,74
13-03-2020,0,1.03,4.69,1.1,29.2,76
14-03-2020,0,1,4.39,1.1,27.2,84
15-03-2020,0,0.96,4.01,1.1,28.4,79
16-03-2020,0,0.99,4.29,1.2,29.1,78
17-03-2020,0,1.3,7.88,1.2,,
18-03-2020,9,1.01,4.49,1.2,29.1,76
19-03-2020,25,1.43,9.77,1.3,28.7,78
20-03-2020,103,1.09,5.32,1.3,27.7,83
21-03-2020,4,1.67,14,1.3,28.5,78
22-03-2020,0,1.43,9.77,1.2,28.2,79
23-03-2020,0,1.28,7.61,1.2,28.7,77
24-03-2020,0,1.05,4.89,1.2,28.9,80
25-03-2020,0,0.94,3.82,1.1,28.7,70
26-03-2020,0,0.89,3.38,1.2,29.3,76
27-03-2020,0,0.85,3.05,1.3,29.3,79
28-03-2020,20,0.74,2.23,1.3,29.3,76
29-03-2020,0,1.23,6.97,1.4,28.2,81
30-03-2020,0,0.97,4.1,1.4,,
31-03-2020,15,1.06,5,1.3,28.4,77
1/4/2020,8,1.48,10.6,1.3,26.6,87
2/4/2020,0,1.12,5.65,1.2,28.7,78
3/4/2020,0,1.02,4.59,1.2,29.3,78
4/4/2020,3,0.92,3.64,1.2,28.9,81
5/4/2020,0,1.37,8.85,1.2,,
6/4/2020,10,1.05,4.89,1.1,,
7/4/2020,67,1.24,7.09,1,,
8/4/2020,6,2.27,27.8,1,,
9/4/2020,0,1.48,10.6,1.2,28.2,78
10/4/2020,0,1.27,7.48,1.3,,
11/4/2020,8,1.45,10.1,1.4,,
12/4/2020,0,1.57,12.2,1.5,27.7,83
13-04-2020,0,1.27,7.48,1.5,28.6,81
14-04-2020,0,1.02,4.59,1.5,,
15-04-2020,0,0.96,4.01,1.4,29.1,81
16-04-2020,0,1.12,5.65,1.3,,
17-04-2020,0,1.28,7.61,1.2,,
18-04-2020,28,1.2,6.59,1.1,,
19-04-2020,46,1.53,11.5,1.1,28,84
20-04-2020,0,1.57,12.2,1,28.3,81
21-04-2020,0,1.15,6,1,28.6,75
22-04-2020,15,1.02,4.59,1.1,,
23-04-2020,11,1.05,4.89,1.2,,
24-04-2020,32,1.08,5.21,1.3,28.5,78
25-04-2020,2,1.02,4.59,1.4,,
26-04-2020,0,0.95,3.91,1.5,29.1,80
27-04-2020,0,0.85,3.05,1.5,,
28-04-2020,0,0.99,4.29,1.5,29.2,75
29-04-2020,0,0.92,3.64,1.4,28.8,77
30-04-2020,0,0.8,2.66,1.4,28.7,74
1/5/2020,0,0.73,2.17,1.3,,
2/5/2020,0,0.7,1.97,1.2,,
3/5/2020,0,0.67,1.78,1.1,29.5,76
4/5/2020,0,0.83,2.89,1,29.6,78
5/5/2020,0,0.72,2.1,1,,
6/5/2020,8,0.84,2.97,1.1,,
7/5/2020,3,0.78,2.51,1.2,,
8/5/2020,0,0.76,2.37,1.4,,
9/5/2020,46,0.84,2.97,1.5,28.7,80
10/5/2020,0,0.78,2.51,1.5,28.9,78
11/5/2020,0,0.76,2.37,1.6,29.4,74
12/5/2020,0,0.69,1.91,1.6,,
13-05-2020,0,0.68,1.85,1.5,,
14-05-2020,0,0.72,2.1,1.4,,
15-05-2020,0,0.7,1.97,1.4,30.2,75
16-05-2020,6,0.64,1.61,1.3,30,76
17-05-2020,7,0.66,1.72,1.2,,
18-05-2020,104,0.61,1.44,1.1,,
19-05-2020,0,1.81,16.8,1.1,,
20-05-2020,18,1.2,6.59,1.1,,
21-05-2020,134,1.73,15.2,1.2,,
22-05-2020,0,4.27,104,1.4,,
23-05-2020,0,2.52,34.7,1.5,28.5,78
24-05-2020,3,1.57,12.2,1.5,,
25-05-2020,5,1.22,6.84,1.5,28.4,84
26-05-2020,0,1.1,5.43,1.5,,
27-05-2020,0,1.01,4.49,1.5,28.2,86
28-05-2020,5,0.93,3.73,1.5,28.9,76
29-05-2020,0,1.02,4.59,1.4,29.3,78
30-05-2020,0,0.88,3.3,1.3,29.4,76
31-05-2020,85,0.89,3.38,1.3,28,83
1/6/2020,0,2.17,25.2,1.2,28,82
2/6/2020,0,1.3,7.88,1.1,29.3,78
3/6/2020,0,1.02,4.59,1.2,29.2,70
4/6/2020,0,0.93,3.73,1.2,28.6,71
5/6/2020,0,0.82,2.81,1.3,,
6/6/2020,0,0.81,2.74,1.5,28.8,75
7/6/2020,0,0.76,2.37,1.5,,
8/6/2020,0,0.97,4.1,1.5,28.8,76
9/6/2020,6,0.77,2.44,1.6,28.5,76
10/6/2020,0,0.8,2.66,1.6,28.2,75
11/6/2020,0,0.72,2.1,1.5,28.6,76
12/6/2020,37,0.69,1.91,1.4,,
13-06-2020,0,0.98,4.19,1.3,26.6,86
14-06-2020,38,0.94,3.82,1.3,29,76
15-06-2020,2,0.94,3.82,1.3,28.2,78
16-06-2020,4,0.84,2.97,1.2,28.4,80
17-06-2020,0,0.78,2.51,1.2,28.6,79
18-06-2020,0,0.74,2.23,1.2,30,65
19-06-2020,0,0.71,2.03,1.2,28.6,76
20-06-2020,5,0.67,1.78,1.4,28.5,79
21-06-2020,0,0.65,1.67,1.5,28.7,78
22-06-2020,0,0.63,1.55,1.5,28.5,73
23-06-2020,0,0.59,1.34,1.5,28.3,71
24-06-2020,0,0.58,1.29,1.5,28.5,70
25-06-2020,0,0.56,1.19,1.5,,
26-06-2020,0,0.55,1.14,1.4,28.2,78
27-06-2020,0,0.55,1.14,1.4,27.5,76
28-06-2020,0,0.55,1.14,1.3,27.5,68
29-06-2020,0,0.55,1.14,1.3,27.8,80
30-06-2020,0,0.55,1.14,1.2,27.9,82
1/7/2020,0,0.55,1.14,1.2,28,80
2/7/2020,0,0.55,1.14,1.3,28,83
3/7/2020,0,0.51,0.96,1.3,28.2,76
4/7/2020,0,0.5,0.92,1.4,28,76
5/7/2020,8,0.49,0.88,1.5,28.2,77
6/7/2020,0,0.52,1,1.5,27.8,82
7/7/2020,2,0.5,0.92,1.6,,
8/7/2020,0,0.5,0.92,1.6,28.4,79
9/7/2020,0,0.5,0.92,1.5,28.5,81
10/7/2020,0,0.48,0.84,1.5,29,80
11/7/2020,29,0.48,0.84,1.4,28.6,80
12/7/2020,3,0.58,1.29,1.3,,
13-07-2020,0,0.51,0.96,1.2,28,77
14-07-2020,0,0.5,0.92,1.2,28.9,75
15-07-2020,0,0.5,0.92,1.2,,
16-07-2020,0,0.47,0.8,1.3,28.4,77
17-07-2020,12,0.45,0.72,1.3,28.6,80
18-07-2020,0,0.5,0.92,1.4,28,85
19-07-2020,0,0.5,0.92,1.5,28.1,82
20-07-2020,0,0.5,0.92,1.5,,
21-07-2020,0,0.48,0.84,1.5,,
22-07-2020,0,0.48,0.84,1.5,29.3,75
23-07-2020,0,0.48,0.84,1.4,28.7,74
24-07-2020,0,0.48,0.84,1.4,28,74
25-07-2020,0,0.46,0.76,1.3,27.5,72
26-07-2020,0,0.46,0.76,1.3,27.2,70
27-07-2020,0,0.45,0.72,1.3,28,73
28-07-2020,0,0.38,0.49,1.2,28.1,70
29-07-2020,0,0.38,0.49,1.2,27.7,68
30-07-2020,0,0.38,0.49,1.3,27.5,68
31-07-2020,0,0.4,0.55,1.3,28.1,70
1/8/2020,0,0.4,0.55,1.4,27.8,74
2/8/2020,0,0.4,0.55,1.4,28.1,73
3/8/2020,0,0.57,1.24,1.5,28.3,72
4/8/2020,0,0.53,1.05,1.5,29.1,75
5/8/2020,0,0.5,0.92,1.5,29.2,76
6/8/2020,0,0.48,0.84,1.4,29.1,69
7/8/2020,0,0.48,0.84,1.4,27.9,75
8/8/2020,0,0.45,0.72,1.3,29.2,74
9/8/2020,0,0.45,0.72,1.3,,
10/8/2020,20,0.45,0.72,1.2,,
11/8/2020,2,0.42,0.62,1.2,28.2,83
12/8/2020,11,0.42,0.62,1.2,28.7,80
13-08-2020,0,0.4,0.55,1.2,29.1,77
14-08-2020,0,0.4,0.55,1.3,28.8,72
15-08-2020,0,0.4,0.55,1.4,28.5,70
16-08-2020,0,0.4,0.55,1.4,28.5,70
17-08-2020,0,0.38,0.49,1.4,28.4,72
18-08-2020,0,0.38,0.49,1.4,,
19-08-2020,0,0.38,0.49,1.4,27.4,70
20-08-2020,0,0.35,0.4,1.4,27.4,66
21-08-2020,0,0.35,0.4,1.3,28.2,69
22-08-2020,0,0.35,0.4,1.3,28.1,74
23-08-2020,0,0.32,0.33,1.2,28.9,65
24-08-2020,0,0.3,0.28,1.2,29.2,60
25-08-2020,0,0.3,0.28,1.2,29.1,63
26-08-2020,0,0.3,0.28,1.2,28.4,65
27-08-2020,0,0.3,0.28,1.2,28.7,62
28-08-2020,0,0.31,0.3,1.3,28.6,74
29-08-2020,0,0.3,0.28,1.3,29.1,75
30-08-2020,0,0.31,0.3,1.3,28.7,70
31-08-2020,0,0.31,0.3,1.3,29.7,63
1/9/2020,10,0.31,0.3,1.4,28.9,78
2/9/2020,4,0.31,0.3,1.3,28.8,79
3/9/2020,0,0.29,0.26,1.3,28.5,80
4/9/2020,0,0.29,0.26,1.3,29,75
5/9/2020,0,0.27,0.22,1.2,28.5,73
6/9/2020,0,0.27,0.22,1.2,28.7,68
7/9/2020,0,0.27,0.22,1.2,28.4,71
8/9/2020,0,0.27,0.22,1.3,28.3,72
9/9/2020,0,0.27,0.22,1.3,29.3,74
10/9/2020,0,0.26,0.2,1.2,29,69
11/9/2020,0,0.26,0.2,1.2,29.1,70
12/9/2020,0,0.25,0.18,1.3,29.4,59
13-09-2020,0,0.24,0.17,1.3,29.7,64
14-09-2020,0,0.23,0.15,1.3,,
15-09-2020,0,0.2,0.11,1.3,,
16-09-2020,0,0.2,0.11,1.3,,
17-09-2020,0,0.12,0.03,1.2,,
18-09-2020,0,0.11,0.02,1.2,,
19-09-2020,0,0.08,0.01,1.1,,
20-09-2020,16,0.05,0,1.2,,
21-09-2020,0,0.3,0.28,1.3,,
22-09-2020,0,0.35,0.4,1.4,,
23-09-2020,0,0.35,0.4,1.4,,
24-09-2020,0,0.31,0.3,1.4,,
25-09-2020,0,0.3,0.28,1.3,,
26-09-2020,0,0.3,0.28,1.2,,
27-09-2020,0,0.3,0.28,1.2,,
28-09-2020,0,0.3,0.28,1.2,29.4,76
29-09-2020,0,0.3,0.28,1.2,28.8,70
30-09-2020,35,0.3,0.28,1.2,28.7,74
1/10/2020,0,0.3,0.28,1.2,29.7,74
2/10/2020,0,0.35,0.4,1.1,29.9,66
3/10/2020,0,0.32,0.33,1.1,28.5,70
4/10/2020,0,0.32,0.33,1.3,29.3,66
5/10/2020,0,0.32,0.33,1.4,29.3,64
6/10/2020,0,0.33,0.35,1.4,29.2,73
7/10/2020,0,0.35,0.4,1.4,30.2,70
8/10/2020,0,0.35,0.4,1.4,29.9,72
9/10/2020,65,0.35,0.4,1.3,27.4,86
10/10/2020,0,0.35,0.4,1.3,28.5,83
11/10/2020,0,0.35,0.4,1.2,29.2,76
12/10/2020,0,0.35,0.4,1.2,29.7,61
13-10-2020,0,0.32,0.33,1.2,28.7,69
14-10-2020,0,0.32,0.33,1.1,29.6,73
15-10-2020,0,0.31,0.3,1.1,30.6,72
16-10-2020,4,0.3,0.28,1.1,30,70
17-10-2020,0,0.28,0.24,1.2,29.5,73
18-10-2020,3,0.25,0.18,1.3,28.5,75
19-10-2020,154,0.25,0.18,1.4,27.3,82
20-10-2020,0,1.05,4.89,1.5,28.7,72
21-10-2020,0,1.25,7.22,1.5,29.3,66
22-10-2020,0,1.35,8.57,1.5,29.8,67
23-10-2020,0,1.45,10.1,1.4,,
24-10-2020,10,1.25,7.22,1.4,,
25-10-2020,0,1.03,4.69,1.3,,
26-10-2020,7,0.72,2.1,1.1,29.5,70
27-10-2020,0,0.45,0.72,1.1,28.5,74
28-10-2020,0,0.45,0.72,1,29.2,73
29-10-2020,3,0.45,0.72,1,30.1,69
30-10-2020,0,0.45,0.72,1.1,29.4,80
31-10-2020,0,0.45,0.72,1.3,29.2,74
1/11/2020,35,0.45,0.72,1.4,28.7,76
2/11/2020,0,0.82,2.81,1.5,29.4,72
3/11/2020,0,0.57,1.24,1.5,,
4/11/2020,11,0.51,0.96,1.5,29,81
5/11/2020,0,0.45,0.72,1.5,28.8,76
6/11/2020,0,0.45,0.72,1.5,29.3,77
7/11/2020,0,0.45,0.72,1.4,30.2,72
8/11/2020,0,0.42,0.62,1.3,29.5,73
9/11/2020,0,0.4,0.55,1.2,27.8,79
10/11/2020,0,0.4,0.55,1.1,29.9,75
11/11/2020,31,0.35,0.4,1.1,30.3,72
12/11/2020,0,0.35,0.4,1.2,29.7,75
13-11-2020,0,0.35,0.4,1.1,30.2,74
14-11-2020,0,0.35,0.4,1.2,29.2,73
15-11-2020,7,0.35,0.4,1.4,,
16-11-2020,0,0.5,0.92,1.5,29.5,76
17-11-2020,0,0.35,0.4,1.5,30.1,74
18-11-2020,0,0.35,0.4,1.6,30.1,74
19-11-2020,7,0.35,0.4,1.6,29.4,80
20-11-2020,0,0.35,0.4,1.5,28.9,80
21-11-2020,8,0.35,0.4,1.5,28.1,84
22-11-2020,2,0.6,1.39,1.4,,
23-11-2020,52,0.6,1.39,1.3,28.6,83
24-11-2020,20,0.8,2.66,1.2,27.7,85
25-11-2020,7,1.53,11.5,1.1,28.3,82
26-11-2020,0,0.99,4.29,1.1,27.9,86
27-11-2020,12,1.01,4.49,1.2,27.9,82
28-11-2020,2,1,4.39,1.3,28.4,80
29-11-2020,17,0.95,3.91,1.4,29.5,78
30-11-2020,19,0.88,3.3,1.5,25.8,86
1/12/2020,13,1.22,6.84,1.5,26.3,93
2/12/2020,13,1.2,6.59,1.6,26.6,86
3/12/2020,19,1.12,5.65,1.6,28.1,85
4/12/2020,9,1.53,11.5,1.5,25.9,91
5/12/2020,21,1.92,19.2,1.5,25.7,94
6/12/2020,20,1.35,8.57,1.4,26.2,88
7/12/2020,5,1.25,7.22,1.3,28,81
8/12/2020,6,1.08,5.21,1.3,28,79
9/12/2020,2,0.92,3.64,1.2,28.4,80
10/12/2020,0,0.78,2.51,1.2,30.2,72
11/12/2020,3,0.7,1.97,1.2,29.7,75
12/12/2020,30,0.72,2.1,1.2,27.5,82
13-12-2020,8,0.95,3.91,1.3,27.3,85
14-12-2020,28,0.85,3.05,1.4,27.2,85
15-12-2020,10,1.1,5.43,1.5,26.9,89
16-12-2020,42,1.22,6.84,1.6,27.4,86
17-12-2020,110,1.88,18.3,1.6,25.7,91
18-12-2020,67,5.15,151,1.6,25.9,91
19-12-2020,130,4.78,130,1.5,25.3,91
20-12-2020,84,5.07,146,1.5,26.3,91
21-12-2020,60,4.13,96.9,1.4,26.8,90
22-12-2020,2,4.5,115,1.3,25.9,91
23-12-2020,0,2.8,43.4,1.2,27.2,84
24-12-2020,0,1.92,19.2,1.2,27.5,86
25-12-2020,0,1.47,10.4,1.2,28.4,81
26-12-2020,23,1.25,7.22,1.3,28.2,84
27-12-2020,0,1.15,6,1.4,,
28-12-2020,31,1.08,5.21,1.5,26.4,88
29-12-2020,18,1.17,6.23,1.5,25.8,89
30-12-2020,14,1.83,17.3,1.6,26.9,84
31-12-2020,41,2.17,25.2,1.6,25.2,95
1/1/2021,15,2.35,38.4,1.5,27.4,87
2/1/2021,0,2.12,31.6,1.5,26.9,88
3/1/2021,17,1.87,24.9,1.4,27.6,85
4/1/2021,30,1.52,16.8,1.4,27.1,87
5/1/2021,40,2.13,31.9,1.3,25.6,94
6/1/2021,45,2.98,60.1,1.3,27,86
7/1/2021,3,3.03,62,1.2,27.3,82
8/1/2021,5,1.95,27,1.2,26.9,85
9/1/2021,20,1.62,19,1.3,,
10/1/2021,12,1.4,14.4,1.3,28.3,84
11/1/2021,0,1.67,20.1,1.4,28,84
12/1/2021,2,1.42,14.8,1.5,28.4,83
13-01-2021,0,1.72,21.3,1.5,,
14-01-2021,103,2.42,40.5,1.5,27.6,84
15-01-2021,32,2.23,34.7,1.5,25.5,92
16-01-2021,33,2.95,59.3,1.5,25.5,94
17-01-2021,152,4.33,122,1.4,26.3,91
18-01-2021,113,5.48,190,1.4,24.8,94
19-01-2021,31,5.37,183,1.3,26.2,85
20-01-2021,58,4.58,136,1.2,28.3,82
21-01-2021,10.5,4.49,131,1.2,25.9,93
22-01-2021,18,3.19,68.7,1.2,26.7,87
23-01-2021,6.5,2.43,41.2,1.3,25.8,90
24-01-2021,55,1.97,27.8,1.3,27.5,85
25-01-2021,8,2.32,37.7,1.4,26.4,88
26-01-2021,18.5,2.31,37.4,1.5,27.3,86
27-01-2021,52,1.97,27.8,1.5,27.7,85
28-01-2021,23,3.92,101,1.5,26.1,88
29-01-2021,46,3.66,88.9,1.5,26.1,90
30-01-2021,17,3.88,99.2,1.4,25.6,90
31-01-2021,32,2.7,50.2,1.4,27.3,87
1/2/2021,8,2.95,59.3,1.3,26.7,88
2/2/2021,0,2.39,39.9,1.3,28,86
3/2/2021,59,2.38,39.6,1.2,,
4/2/2021,55,3.81,95.9,1.2,26.6,88
5/2/2021,0,3.68,89.8,1.2,26.9,89
6/2/2021,0,2.35,38.7,1.3,,
7/2/2021,0,1.63,19.4,1.3,28.1,77
8/2/2021,0,1.35,13.6,1.4,28.7,80
9/2/2021,0,1.23,11.6,1.4,29,81
10/2/2021,0,1.13,9.93,1.4,28.9,80
11/2/2021,0,1.01,8.15,1.4,29,78
12/2/2021,6,0.97,7.61,1.4,29.2,77
13-02-2021,14.5,0.95,7.35,1.4,27.2,88
14-02-2021,54,1.9,26.2,1.4,26.1,91
15-02-2021,499,3.68,90.3,1.3,24.7,93
16-02-2021,0,1.89,25.9,1.2,27.6,84
17-02-2021,22,1.93,27,1.2,28,84
18-02-2021,27,2.17,33.6,1.2,,
19-02-2021,3,3.12,66.3,1.2,28.7,80
20-02-2021,35,2.93,58.9,1.2,26,88
21-02-2021,39,2.3,37.4,1.3,27.7,80
22-02-2021,89,2.73,51.6,1.3,26.1,90
23-02-2021,26,3.62,87.6,1.4,26.3,89
24-02-2021,31,3.62,87.6,1.4,26.6,90
25-02-2021,0,2.92,58.5,1.4,,
26-02-2021,0,2.15,33,1.4,27.8,80
27-02-2021,104,1.92,26.7,1.3,27.1,89
28-02-2021,37,5.22,174,1.3,25.6,92
1/3/2021,55,4.05,108,1.2,26.9,87
2/3/2021,0,2.65,48.8,1.2,27.6,86
3/3/2021,0,1.53,17.5,1.2,28,80
4/3/2021,0,1.58,18.6,1.2,28.3,84
5/3/2021,14,1.7,21.3,1.3,27,87
6/3/2021,0,1.68,21,1.3,28,82
7/3/2021,23,1.35,14,1.3,26.2,86
8/3/2021,12,1.33,13.6,1.3,27,82
9/3/2021,225,1.93,27.2,1.3,25.6,88
10/3/2021,63,5.63,201,1.3,24.7,96
11/3/2021,7,4.77,147,1.3,25.4,90
12/3/2021,0,2.77,53.4,1.3,26.4,86
13-03-2021,0,2.08,31.3,1.3,27.4,84
14-03-2021,1,1.66,20.6,1.2,27.4,83
15-03-2021,0,1.42,15.4,1.2,28.4,84
16-03-2021,0,1.43,15.6,1.1,28.1,82
17-03-2021,0,1.39,14.8,1.3,28.2,82
18-03-2021,0,1.16,10.6,1.3,28.8,83
19-03-2021,56,1.2,11.3,1.3,27.7,81
20-03-2021,0,1.55,18.1,1.3,27.7,85
21-03-2021,8,1.37,14.4,1.3,29.1,82
22-03-2021,14,1.2,11.3,1.2,28.9,82
23-03-2021,2,1.33,13.6,1.3,27.8,84
24-03-2021,0,1.27,12.5,1.3,28.1,87
25-03-2021,36,1.7,21.5,1.3,27.9,84
26-03-2021,22.5,2.1,31.9,1.2,27.2,89
27-03-2021,11,1.73,22.2,1.2,27.6,88
28-03-2021,16,1.58,18.8,1.1,28.2,86
29-03-2021,0,2.03,29.9,1,27.7,85
30-03-2021,17,1.57,18.8,1.2,28.5,86
31-03-2021,82,2.02,29.9,1.3,25.7,95
1/4/2021,108,3.82,97.8,1.4,,
2/4/2021,35,5.27,178,1.4,25.9,94
3/4/2021,0,4.43,129,1.4,27.9,86
4/4/2021,0,2.38,40.5,1.4,28.4,86
5/4/2021,33,2.55,46.1,1.4,27.8,90
6/4/2021,16,3.17,69.1,1.4,27.2,89
7/4/2021,14,1.93,27.5,1.2,25.9,92
8/4/2021,8.5,1.63,20.1,1.2,27.6,83
9/4/2021,0,1.47,16.6,1.1,26.4,88
10/4/2021,0,1.67,21,1.1,,
11/4/2021,0,1.42,15.6,1,28.4,82
12/4/2021,0,1.27,12.7,1.1,27.7,80
13-04-2021,0,1.13,10.3,1.2,27.8,83
14-04-2021,0,1.08,9.44,1.4,28.2,82
15-04-2021,0,1.02,8.57,1.4,28.6,77
16-04-2021,0,0.99,8.15,1.5,28.7,74
17-04-2021,0,0.97,7.88,1.5,28.1,76
18-04-2021,0,0.95,7.61,1.5,28.1,77
19-04-2021,3,0.92,7.22,1.4,28.8,78
20-04-2021,0,0.89,6.84,1.3,28.4,78
21-04-2021,0,0.83,6.11,1.2,28,78
22-04-2021,0,0.8,5.77,1.2,28.8,78
23-04-2021,0,0.78,5.65,1.1,28.5,78
24-04-2021,0,0.75,5.32,1,28.4,79
25-04-2021,0,0.72,5,1,29.1,79
26-04-2021,0,0.7,4.79,1.1,29.1,78
27-04-2021,0,0.67,4.49,1.2,29.6,78
28-04-2021,5,0.6,3.82,1.4,29.1,85
29-04-2021,35,0.8,5.88,1.5,28.2,87
30-04-2021,0,0.9,7.09,1.5,,
1/5/2021,0,0.84,6.35,1.5,28.9,78
2/5/2021,0,0.8,5.88,1.5,29.1,81
3/5/2021,0,0.7,4.79,1.5,29,84
4/5/2021,2,0.61,3.91,1.4,29.1,76
5/5/2021,75,0.67,4.49,1.3,28.2,85
6/5/2021,104,1.42,9.6,1.2,26,86
7/5/2021,2,1.95,19.9,1.1,26.4,87
8/5/2021,16,1.98,20.6,1,27.4,87
9/5/2021,0,2.9,46.8,1,27.4,82
10/5/2021,0,1.93,19.4,1.1,27.8,82
11/5/2021,0,1.68,14.2,1.3,28.8,80
12/5/2021,0,1.53,11.5,1.4,29.6,76
13-05-2021,0,1.22,6.84,1.5,29.4,72
14-05-2021,0,0.98,4.19,1.6,28.9,79
15-05-2021,0,0.92,3.64,1.6,30.2,75
16-05-2021,0,0.82,2.81,1.6,29.1,76
17-05-2021,0,0.95,3.91,1.5,28.7,76
18-05-2021,0,0.85,3.05,1.4,27.4,81
19-05-2021,0,0.83,2.89,1.3,28.7,77
20-05-2021,0,0.72,2.1,1.2,28.8,76
21-05-2021,0,0.7,1.97,1.2,27.9,77
22-05-2021,0,0.67,1.78,1.1,28.9,77
23-05-2021,0,0.61,1.44,1.1,28.9,81
24-05-2021,0,0.6,1.39,1.2,28.4,81
25-05-2021,0,0.6,1.39,1.3,28.5,74
26-05-2021,0,0.97,4.1,1.4,29,73
27-05-2021,0,0.76,2.37,1.5,29.1,77
28-05-2021,0,0.69,1.91,1.5,29.3,76
29-05-2021,0,0.62,1.5,1.6,28.7,73
30-05-2021,0,0.59,1.34,1.6,28.2,75
31-05-2021,0,0.55,1.14,1.6,,
1/6/2021,0,0.52,1,1.5,,
2/6/2021,0,0.53,1.05,1.4,28.2,73
3/6/2021,0,0.52,1,1.3,28,71
4/6/2021,0,0.5,0.92,1.2,28.8,76
5/6/2021,0,0.5,0.92,1.2,29.1,76
6/6/2021,0,0.5,0.92,1.1,29.3,70
7/6/2021,0,0.5,0.92,1.2,28.6,70
8/6/2021,6,0.5,0.92,1.3,28.3,75
9/6/2021,0,0.42,0.62,1.4,28.3,71
10/6/2021,0,0.42,0.62,1.5,28.8,71
11/6/2021,0,0.42,0.62,1.6,28.8,76
12/6/2021,0,0.42,0.62,1.6,28.2,78
13-06-2021,0,0.47,0.8,1.6,28.3,81
14-06-2021,32,0.45,0.72,1.5,28.2,87
15-06-2021,0,0.45,0.72,1.5,27.6,84
16-06-2021,0,0.52,1,1.4,27.8,85
17-06-2021,0,0.9,3.47,1.3,28.6,76
18-06-2021,0,0.84,2.97,1.3,,
19-06-2021,12,0.7,1.97,1.2,28.1,82
20-06-2021,0,0.74,2.23,1.2,27.2,77
21-06-2021,7,0.73,2.17,1.2,27.8,92
22-06-2021,20.5,1.73,15.2,1.3,27.3,86
23-06-2021,0,1.3,7.88,1.4,27.8,85
24-06-2021,9,1,4.39,1.4,28,86
25-06-2021,25,0.92,3.64,1.5,27.8,86
26-06-2021,31,1.27,7.48,1.6,26.9,84
27-06-2021,0,1.12,5.65,1.6,28.1,81
28-06-2021,0,1.02,4.59,1.6,28.7,81
29-06-2021,3,0.88,3.3,1.5,27.9,82
30-06-2021,0,0.78,2.51,1.5,28.1,81
1/7/2021,0,0.74,2.23,1.4,28.7,78
2/7/2021,0,0.72,2.1,1.3,28.4,81
3/7/2021,0,0.7,1.97,1.2,28.1,82
4/7/2021,0,0.7,1.97,1.2,27.7,77
5/7/2021,0,0.7,1.97,1.2,27.6,75
6/7/2021,0,0.8,2.66,1.3,27.4,78
7/7/2021,24,0.8,2.66,1.4,28.2,78
8/7/2021,12,1.65,13.6,1.5,26.7,88
9/7/2021,38,1.2,6.59,1.5,26.3,87
10/7/2021,0,1.73,15.2,1.6,28,81
11/7/2021,0,1.13,5.77,1.6,29,70
12/7/2021,0,1.08,5.21,1.5,27.9,78
13-07-2021,0,0.92,3.64,1.5,28.7,78
14-07-2021,0,0.78,2.51,1.4,27.9,82
15-07-2021,0,0.73,2.17,1.3,28,81
16-07-2021,6,0.7,1.97,1.3,27.1,86
17-07-2021,3,0.7,1.97,1.2,25.9,88
18-07-2021,0,0.84,2.97,1.2,27.7,81
19-07-2021,0,0.66,1.72,1.3,28.6,85
20-07-2021,0,0.7,1.97,1.3,,
21-07-2021,0,0.67,1.78,1.3,27.6,84
22-07-2021,0,0.65,1.67,1.4,27.2,88
23-07-2021,0,0.63,1.55,1.5,28.4,88
24-07-2021,0,0.62,1.5,1.5,27,82
25-07-2021,0,0.6,1.39,1.5,27,80
26-07-2021,0,0.6,1.39,1.5,27,82
27-07-2021,0,0.6,1.39,1.5,27,84
28-07-2021,0,0.57,1.24,1.4,28.5,82
29-07-2021,0,0.55,1.14,1.4,28,87
30-07-2021,0,0.52,1,1.3,28.7,82
31-07-2021,0,0.5,0.92,1.2,28.5,80
1/8/2021,0,0.5,0.92,1.2,28.3,80
2/8/2021,0,0.5,0.92,1.2,28.5,78
3/8/2021,0,0.5,0.92,1.3,28.3,73
4/8/2021,0,0.5,0.92,1.3,28.5,71
5/8/2021,0,0.5,0.92,1.4,28.2,75
6/8/2021,0,0.52,1,1.5,28.5,78
7/8/2021,0,0.5,0.92,1.5,28.2,78
8/8/2021,0,0.5,0.92,1.5,28.1,78
9/8/2021,4,0.5,0.92,1.5,28.5,73
10/8/2021,0,0.5,0.92,1.4,27.6,74
11/8/2021,0,0.5,0.92,1.3,28.6,74
12/8/2021,0,0.5,0.92,1.3,29.3,74
13-08-2021,0,0.5,0.92,1.2,28.5,81
14-08-2021,0,0.5,0.92,1.2,29.3,69
15-08-2021,0,0.5,0.92,1.2,28.7,71
16-08-2021,0,0.5,0.92,1.2,28.7,72
17-08-2021,22,0.5,0.92,1.3,28.3,78
18-08-2021,0,0.5,0.92,1.3,27.9,82
19-08-2021,0,0.5,0.92,1.4,27.7,79
20-08-2021,0,0.5,0.92,1.4,28.8,76
21-08-2021,7,0.5,0.92,1.4,28,78
22-08-2021,0,0.48,0.84,1.4,28,77
23-08-2021,0,0.48,0.84,1.4,28.2,71
24-08-2021,0,0.45,0.72,1.4,28.2,76
25-08-2021,0,0.42,0.62,1.3,28.4,72
26-08-2021,0,0.42,0.62,1.3,27.1,79
27-08-2021,46,0.42,0.62,1.2,27,83
28-08-2021,0,0.42,0.62,1.2,,
29-08-2021,3,0.42,0.62,1.2,28,77
30-08-2021,0,0.41,0.58,1.2,28.1,80
31-08-2021,0,0.5,0.92,1.2,28.4,75
1/9/2021,0,0.5,0.92,1.3,28.8,72
2/9/2021,9,0.5,0.92,1.3,29,80
3/9/2021,5,0.52,1,1.4,28.8,75
4/9/2021,0,0.52,1,1.4,,
5/9/2021,2.5,0.52,1,1.4,,
6/9/2021,11,0.52,1,1.4,28.4,82
7/9/2021,0,0.52,1,1.3,28.1,77
8/9/2021,0,0.52,1,1.2,28.3,76
9/9/2021,0,0.52,1,1.2,28.4,76
10/9/2021,5,0.65,1.67,1.2,29.3,74
11/9/2021,0,0.65,1.67,1.3,27.6,86
12/9/2021,70,0.87,3.21,1.3,27,86
13-09-2021,8,0.95,3.91,1.3,27.4,86
14-09-2021,0,0.88,3.3,1.3,28.5,80
15-09-2021,0,0.77,2.44,1.2,28.7,76
16-09-2021,0,0.67,1.78,1.3,28.6,77
17-09-2021,0,0.62,1.5,1.3,28.8,78
18-09-2021,0,0.59,1.34,1.3,27.9,75
19-09-2021,0,0.55,1.14,1.3,27.5,70
20-09-2021,0,0.55,1.14,1.3,28.2,76
21-09-2021,0,0.54,1.09,1.2,28.8,74
22-09-2021,18,0.51,0.96,1.1,27.9,71
23-09-2021,0,0.5,0.92,1.2,28.8,74
24-09-2021,3,0.5,0.92,1.3,28.9,76
25-09-2021,0,0.5,0.92,1.4,28.5,78
26-09-2021,0,0.5,0.92,1.4,29,72
27-09-2021,0,0.45,0.72,1.4,28.9,74
28-09-2021,0,0.45,0.72,1.4,28.9,76
29-09-2021,0,0.44,0.69,1.3,29.7,70
30-09-2021,0,0.42,0.62,1.2,29.8,75
1/10/2021,8,0.4,0.55,1.3,29.7,77
2/10/2021,0,0.4,0.55,1.3,29.2,78
3/10/2021,0,0.4,0.55,1.3,28.7,80
4/10/2021,5,0.4,0.55,1.2,28.8,77
5/10/2021,0,0.4,0.55,1.1,28.7,77
6/10/2021,6,0.4,0.55,1.1,28.8,74
7/10/2021,0,0.38,0.49,1.2,29.3,78
8/10/2021,0,0.38,0.49,1.3,29.8,72
9/10/2021,9,0.38,0.49,1.4,,
10/10/2021,0,0.35,0.4,1.5,28.7,78
11/10/2021,0,0.35,0.4,1.5,29.8,76
12/10/2021,62,0.35,0.4,1.5,29.3,79
13-10-2021,0,0.55,1.14,1.4,29,80
14-10-2021,12,0.55,1.14,1.2,27,87
15-10-2021,0,0.62,1.5,1.2,28.2,82
16-10-2021,3,0.6,1.39,1.2,28.4,81
17-10-2021,5,2.39,31,1.1,28.1,80
18-10-2021,0,0.55,1.14,1.1,28,84
19-10-2021,32,0.55,1.14,1,27.8,82
20-10-2021,0,0.7,1.97,1.1,28.5,75
21-10-2021,0,0.7,1.97,1.3,28.6,75
22-10-2021,0,0.7,1.97,1.4,29.1,75
23-10-2021,0,0.68,1.85,1.5,28.7,82
24-10-2021,2,0.69,1.91,1.5,29,76
25-10-2021,1,0.8,2.66,1.5,28.8,78
26-10-2021,64,0.9,3.47,1.5,28.1,82
27-10-2021,20,1.03,4.69,1.4,,
28-10-2021,24,1.2,6.59,1.3,27.9,86
29-10-2021,35,1.23,6.97,1.2,27.9,81
30-10-2021,100,1.87,18.1,1.1,27.3,85
31-10-2021,0,2.97,49.2,1.1,28,79
1/11/2021,12,2.25,27.2,1.1,28.4,76
2/11/2021,0,1.75,15.6,1,28.6,77
3/11/2021,34,1.55,11.8,1.1,28.6,78
4/11/2021,21,1.3,7.88,1.3,28.7,80
5/11/2021,14,1.2,6.59,1.4,27.2,86
6/11/2021,0,1.33,8.29,1.5,28.1,83
7/11/2021,27,1.85,17.7,1.5,28.4,84
8/11/2021,165,2.68,39.6,1.6,27.7,85
9/11/2021,19,2.75,41.8,1.6,28.1,83
10/11/2021,20,2.15,24.7,1.5,28.7,83
11/11/2021,10.5,2.42,31.9,1.4,28,85
12/11/2021,53,3.53,70.3,1.3,28.1,82
13-11-2021,30.5,4.25,103,1.2,,
14-11-2021,21,2.53,35,1.1,,
15-11-2021,26,2.27,27.8,1.1,28.1,80
16-11-2021,3,2.73,41.2,1,26.8,84
17-11-2021,36,2.17,25.2,1.2,,
18-11-2021,0,1.68,14.2,1.3,27.6,84
19-11-2021,68,2.12,23.9,1.4,27.9,82
20-11-2021,35,3,50.2,1.5,28.5,82
21-11-2021,0,2.25,27.2,1.6,27.8,80
22-11-2021,0,1.57,12.2,1.6,28.2,80
23-11-2021,0,1.22,6.84,1.6,29.2,78
24-11-2021,0,1.27,7.48,1.5,29.3,75
25-11-2021,1,1.43,9.77,1.5,28.7,81
26-11-2021,2,1.38,9,1.4,27.8,82
27-11-2021,150,2.18,25.4,1.3,27.8,82
28-11-2021,42,1.77,16,1.2,27.1,87
29-11-2021,42,3.47,67.9,1.1,27.6,81
30-11-2021,0,2.35,29.9,1.1,27.7,82
1/12/2021,3,2.52,34.7,1.2,,
2/12/2021,0,2.07,22.7,1.3,,
3/12/2021,0,1.45,10.1,1.4,28.8,76
4/12/2021,41,1.23,6.97,1.5,,
5/12/2021,59,2.22,26.4,1.6,24.7,94
6/12/2021,177,3.7,77.4,1.6,24.5,96
7/12/2021,8,5.55,175,1.6,25,94
8/12/2021,0,4.77,129,1.6,25.1,91
9/12/2021,12,2.55,35.6,1.5,27.3,86
10/12/2021,0,1.98,20.6,1.4,28.1,84
11/12/2021,23,1.78,16.2,1.3,27.8,84
12/12/2021,23.5,2.98,49.5,1.3,25.5,92
13-12-2021,0,2.48,33.6,1.2,27,86
14-12-2021,2,1.7,14.6,1.2,,
15-12-2021,0,1.52,11.3,1.2,28.4,82
16-12-2021,0,1.33,8.29,1.3,28.9,82
17-12-2021,0,1.13,5.77,1.4,29.1,79
18-12-2021,0,1.08,5.21,1.5,29,79
19-12-2021,0,1.27,7.48,1.6,28,82
20-12-2021,100,1.13,5.77,1.6,28.5,84
21-12-2021,5,4.08,94.5,1.6,26.3,87
22-12-2021,0,2.58,36.5,1.6,,
23-12-2021,12,1.1,5.43,1.5,,
24-12-2021,8,1.58,12.3,1.4,27.6,84
25-12-2021,16,1.87,18.1,1.3,,
26-12-2021,49,2.18,25.4,1.3,27.6,84
27-12-2021,82,2.97,49.2,1.2,26,86
28-12-2021,2,3.85,84,1.2,27.3,83
29-12-2021,10,3.33,62.4,1.2,26.8,84
30-12-2021,25,2.33,29.4,1.3,26.9,86
31-12-2021,56,2.08,22.9,1.4,26.5,88
1/1/2022,6,3,50.2,1.4,25.6,90
2/1/2022,0,2.6,37.1,1.5,26.3,88
3/1/2022,69,2.28,28,1.5,27.4,86
4/1/2022,0,1.95,19.9,1.6,26.5,86
5/1/2022,14,1.58,12.3,1.5,27.5,80
6/1/2022,0,1.87,18.1,1.5,26.7,87
7/1/2022,28,1.78,16.2,1.4,27.3,84
8/1/2022,0,1.55,11.8,1.4,,
9/1/2022,0,1.3,3.63,1.3,28.3,82
10/1/2022,0,1.08,2.4,1.2,27.6,81
11/1/2022,20,1,2.02,1.2,28,78
12/1/2022,12,1,2.02,1.2,26.4,86
13-01-2022,31,1.07,2.35,1.3,27.1,83
14-01-2022,36,1.65,13.6,1.4,25.2,88
15-01-2022,57,2.35,29.9,1.4,26.5,86
16-01-2022,1,2.68,39.6,1.5,26.6,86
17-01-2022,0,1.8,16.6,1.6,28.3,82
18-01-2022,95,2.73,41.2,1.6,26.2,89
19-01-2022,51,3.6,73.2,1.5,25.5,91
20-01-2022,83,4.5,115,1.5,24.2,96
21-01-2022,10,4.54,117,1.4,24.6,94
22-01-2022,14,2.88,46.1,1.3,26.8,88
23-01-2022,7,2.3,28.6,1.3,27.2,86
24-01-2022,0,1.93,19.4,1.2,28.7,80
25-01-2022,0,1.52,11.3,1.2,28.7,82
26-01-2022,0,1.3,3.63,1.3,28.6,80
27-01-2022,10.5,1.23,3.21,1.3,28.5,78
28-01-2022,19,1.35,3.94,1.4,25.7,87
29-01-2022,3.5,1.57,12.2,1.4,27.2,79
30-01-2022,13.5,1.5,10.9,1.4,27.7,80
31-01-2022,13,1.53,11.5,1.5,27.8,85
1/2/2022,0,1.55,11.8,1.5,,
2/2/2022,5.5,1.25,3.32,1.5,28.3,81
3/2/2022,43,1.48,4.84,1.4,25.1,93
4/2/2022,0,1.62,13.1,1.4,27.3,84
5/2/2022,2,1.27,3.44,1.3,28.7,82
6/2/2022,31,1.15,2.76,1.3,27.7,86
7/2/2022,9,1.1,2.5,1.2,27.1,84
8/2/2022,0,1.38,4.14,1.2,27.2,83
9/2/2022,14,1.45,4.62,1.2,26.5,87
10/2/2022,21,1.58,12.3,1.3,25.6,92
11/2/2022,41,1.55,11.8,1.3,27,85
12/2/2022,6,1.65,13.6,1.4,26,90
13-02-2022,0,1.48,4.84,1.4,27,85
14-02-2022,2,2.18,25.4,1.5,28.1,80
15-02-2022,80,2.23,26.7,1.5,27.2,84
16-02-2022,31,2.7,40.2,1.4,26.5,88
17-02-2022,0,3.08,53,1.4,28.4,78
18-02-2022,4.5,3.38,64.3,1.3,28.3,82
19-02-2022,0,2.52,34.7,1.2,27.9,82
20-02-2022,154,2.87,45.8,1.2,,
21-02-2022,14,5.07,146,1.2,26,86
22-02-2022,72,4.3,105,1.2,25.3,86
23-02-2022,29,3.83,83.1,1.2,24.1,93
24-02-2022,17.5,3.25,59.3,1.3,27.3,83
25-02-2022,3,3.05,52,1.3,28.3,80
26-02-2022,0,1.93,19.4,1.4,27.8,83
27-02-2022,16,1.85,17.7,1.4,27.2,86
28-02-2022,0,1.63,13.3,1.4,,
1/3/2022,0,1.35,3.94,1.4,29.2,78
2/3/2022,11,1.3,3.63,1.3,27.5,81
3/3/2022,0,1.23,3.21,1.3,28.4,80
4/3/2022,7,1.15,2.76,1.3,27.7,84
5/3/2022,50,1.08,2.4,1.2,,
6/3/2022,8.5,1.05,2.25,1.2,27.2,86
7/3/2022,49,1.72,15,1.2,27.3,85
8/3/2022,4,2.38,30.7,1.3,27.1,83
9/3/2022,0,1.48,4.84,1.3,28.1,87
10/3/2022,0,1.15,2.76,1.3,28.5,77
11/3/2022,0,1.08,2.4,1.3,,
12/3/2022,0,1.02,2.11,1.3,,
13-03-2022,10,1.32,3.75,1.3,27.6,84
14-03-2022,80,1.68,14.2,1.4,27.5,84
15-03-2022,36,2.25,27.2,1.3,27.4,84
16-03-2022,55,2.65,38.7,1.3,27.4,88
17-03-2022,0,2.33,29.4,1.2,28.7,86
18-03-2022,12,2.03,21.7,1.2,27.7,87
19-03-2022,21,1.87,18.1,1.1,,
20-03-2022,3,1.53,11.5,1.1,26.7,88
21-03-2022,3.5,2.07,22.7,1.3,28,82
22-03-2022,0,1.58,12.3,1.3,26.7,89
23-03-2022,0,1.33,3.82,1.4,28.1,85
24-03-2022,0,1.28,3.5,1.4,28.5,76
25-03-2022,0,1.1,2.5,1.3,28.5,76
26-03-2022,6.5,1.05,2.25,1.3,29,77
27-03-2022,0,1.05,2.25,1.3,28.1,81
28-03-2022,63,1.18,2.92,1.3,25.1,90
29-03-2022,0,1.7,14.6,1.2,26.7,82
30-03-2022,0,1.53,11.5,1.2,27.6,78
31-03-2022,12,1.28,3.5,1.1,27.9,82
1/4/2022,10,1.15,2.76,1.1,27.1,85
2/4/2022,0,1.6,12.7,1.1,27.6,89
3/4/2022,0,1.38,4.14,1.2,28.6,86
4/4/2022,43,1.35,3.94,1.4,26.8,85
5/4/2022,0,2.57,36.2,1.4,27.8,84
6/4/2022,0,1.67,14,1.5,28,79
7/4/2022,34,1.53,11.5,1.5,28.2,79
8/4/2022,0,2.18,25.4,1.4,28.6,81
9/4/2022,22,1.7,14.6,1.3,28.3,78
10/4/2022,0,1.53,11.5,1.2,28,81
11/4/2022,0,1.32,3.75,1.2,28.5,74
12/4/2022,0,1.4,4.28,1.2,28.4,74
13-04-2022,0,1.15,2.76,1.2,29.1,75
14-04-2022,0,1.12,2.6,1.1,,
15-04-2022,6,1.05,2.25,1,,
16-04-2022,5,0.95,1.8,1.1,27.9,82
17-04-2022,0,1.38,4.14,1.2,27.9,83
18-04-2022,0,1.03,2.16,1.4,29.3,78
19-04-2022,0,0.95,1.8,1.4,28.5,81
20-04-2022,32,1.02,2.11,1.5,28.2,81
21-04-2022,35,1.28,3.5,1.5,28.3,78
22-04-2022,0,1.7,14.6,1.5,28.3,82
23-04-2022,0,1.23,3.21,1.4,28.9,77
24-04-2022,8.5,1.01,2.07,1.3,29.2,78
25-04-2022,33,0.99,1.97,1.2,28.4,83
26-04-2022,0,1.66,13.8,1.1,28.1,80
27-04-2022,12,1.33,3.82,1,28.2,80
28-04-2022,0,1.26,3.38,1,28.7,76
29-04-2022,0,1.09,2.45,1,29.4,76
30-04-2022,4,0.92,1.68,1.1,29.5,78
1/5/2022,0,1.08,2.4,1.3,29.1,75
2/5/2022,0,0.9,1.6,1.4,29.5,74
3/5/2022,0,0.85,1.4,1.5,,
4/5/2022,6,0.81,1.26,1.6,29,76
5/5/2022,5,0.91,1.64,1.6,28.3,83
6/5/2022,0,1.53,11.5,1.5,28.8,79
7/5/2022,59,1.54,11.6,1.5,28.1,81
8/5/2022,10.5,2.13,24.2,1.4,28.1,84
9/5/2022,6.5,1.77,16,1.3,28.2,83
10/5/2022,28,1.72,15,1.2,28.3,86
11/5/2022,0,2.12,23.9,1.1,28.9,78
12/5/2022,0,1.37,4.08,1.1,29,80
13-05-2022,8,1.63,13.3,1.1,29,81
14-05-2022,49,2.77,42.5,1.2,,
15-05-2022,0,2.11,23.7,1.3,,
16-05-2022,51,2.09,23.2,1.4,27.9,83
17-05-2022,27,1.8,16.6,1.5,27.5,81
18-05-2022,27,1.78,16.2,1.6,28.4,81
19-05-2022,24.5,1.78,16.2,1.6,28.1,82
20-05-2022,0,1.51,11.1,1.6,28.6,78
21-05-2022,20,1.28,3.5,1.5,28.9,76
22-05-2022,0,1.18,2.92,1.5,28.7,76
23-05-2022,0,1.19,2.98,1.4,29.3,75
24-05-2022,0,1.07,2.35,1.3,28.8,79
25-05-2022,30,1.3,3.63,1.2,28.5,82
26-05-2022,65,2.33,29.4,1.1,,
27-05-2022,3,2.76,42.1,1.1,24.5,91
28-05-2022,0,1.73,15.2,1.2,26.8,84
29-05-2022,0,1.37,4.08,1.3,28,79
30-05-2022,0,1.23,3.21,1.4,28.5,78
31-05-2022,0,1.08,2.4,1.5,29.2,77
1/6/2022,0,1.17,2.87,1.6,29,74
2/6/2022,0,1.07,2.35,1.6,28.8,74
3/6/2022,18,0.86,1.44,1.6,28.1,79
4/6/2022,60,0.81,1.26,1.5,27,87
5/6/2022,0,0.97,1.89,1.5,27,82
6/6/2022,7,0.8,1.22,1.4,27.9,85
7/6/2022,0,0.79,1.19,1.3,28.3,81
8/6/2022,0,0.74,1.03,1.2,28.9,76
9/6/2022,5,0.75,1.06,1.2,27.7,85
10/6/2022,0,0.95,1.8,1.2,,
11/6/2022,4,0.77,1.12,1.2,28.1,79
12/6/2022,5,0.74,1.03,1.3,26.8,88
13-06-2022,0,0.95,1.8,1.4,27.1,82
14-06-2022,0,0.86,1.44,1.5,,
15-06-2022,4,0.91,1.64,1.5,27.1,87
16-06-2022,3,0.79,1.19,1.6,28.4,82
17-06-2022,0,1.16,2.81,1.6,28.3,79
18-06-2022,12,0.87,1.48,1.6,27.1,85
19-06-2022,10,0.79,1.19,1.5,27.1,85
20-06-2022,0,0.75,1.06,1.4,28.3,76
21-06-2022,1,0.74,1.03,1.4,28.2,75
22-06-2022,0,0.97,1.89,1.3,28.2,78
23-06-2022,6,0.89,1.56,1.2,28.2,79
24-06-2022,5,0.81,1.26,1.2,27.2,83
25-06-2022,16,0.74,1.03,1.2,26.6,86
26-06-2022,0,0.69,0.88,1.3,27.7,80
27-06-2022,5,0.67,0.82,1.4,28.2,80
28-06-2022,0,0.66,0.79,1.5,27.5,80
29-06-2022,1,0.65,0.77,1.6,27.5,83
30-06-2022,0,0.62,0.69,1.6,28.3,78
1/7/2022,0,0.69,0.88,1.6,28.7,79
2/7/2022,0,0.66,0.79,1.6,28.9,78
3/7/2022,0,0.7,0.91,1.5,28.5,79
4/7/2022,0,0.63,0.71,1.4,28,82
5/7/2022,0,0.59,0.62,1.3,28.2,77
6/7/2022,0,0.6,0.64,1.3,29.6,70
7/7/2022,0,0.57,0.57,1.2,28.2,76
8/7/2022,0,0.58,0.59,1.2,27.2,78
9/7/2022,9,0.71,0.94,1.3,,
10/7/2022,0,0.6,0.64,1.3,27.8,79
11/7/2022,0,0.83,1.33,1.4,28.4,80
12/7/2022,0,0.67,0.82,1.4,28.8,78
13-07-2022,0,0.6,0.64,1.5,28.3,77
14-07-2022,11,0.7,0.91,1.5,27.9,84
15-07-2022,0,1.04,2.2,1.5,27.6,81
16-07-2022,12,0.74,1.03,1.5,28.2,79
17-07-2022,0,0.66,0.79,1.5,28,77
18-07-2022,0,0.63,0.71,1.4,28,78
19-07-2022,0,0.62,0.69,1.4,28,74
20-07-2022,0,0.62,0.69,1.3,28.4,75
21-07-2022,0,0.58,0.59,1.3,27.7,82
22-07-2022,24,0.55,0.53,1.2,27.6,81
23-07-2022,0,0.54,0.5,1.2,28.7,78
24-07-2022,0,0.54,0.5,1.3,27.6,70
25-07-2022,0,0.56,0.55,1.3,27.4,69
26-07-2022,0,0.56,0.55,1.4,28,80
27-07-2022,0,0.51,0.44,1.5,28.4,75
28-07-2022,0,0.54,0.5,0.4,28.7,72
29-07-2022,0,0.53,0.48,1.5,28.2,72
30-07-2022,0,0.56,0.55,1.5,28.4,76
31-07-2022,18,0.64,0.74,1.4,28.3,77
1/8/2022,3,0.62,0.69,1.4,27.8,84
2/8/2022,3,0.58,0.59,1.3,28.3,81
3/8/2022,0,0.55,0.53,1.2,28.2,75
4/8/2022,0,0.57,0.57,1.2,28.3,73
5/8/2022,0,0.6,0.64,1.2,27.9,71
6/8/2022,0,0.7,0.91,1.2,27.6,74
7/8/2022,0,0.58,0.59,1.3,27.7,77
8/8/2022,10,0.55,0.53,1.4,27.3,80
9/8/2022,0,0.83,1.33,1.4,28,80
10/8/2022,4,0.64,0.74,1.4,27.8,78
11/8/2022,0,0.59,0.62,1.5,,
12/8/2022,0,0.55,0.53,1.5,,
13-08-2022,5,0.52,0.46,1.4,28,80
14-08-2022,14,0.49,0.4,1.4,28,78
15-08-2022,0,0.48,0.38,1.3,27.4,71
16-08-2022,0,0.49,0.4,1.3,27.7,74
17-08-2022,0,0.48,0.38,1.2,28.5,68
18-08-2022,0,0.49,0.4,1.2,28.4,73
19-08-2022,0,0.5,0.42,1.2,,
20-08-2022,0,0.58,0.59,1.2,,
21-08-2022,0,0.56,0.55,1.2,28.8,67
22-08-2022,0,0.67,0.82,1.3,28.7,70
23-08-2022,0,0.63,0.71,1.4,28.1,74
24-08-2022,0,0.57,0.57,1.4,27.5,72
25-08-2022,0,0.54,0.5,1.4,27.7,75
26-08-2022,0,0.52,0.46,1.4,28.3,75
27-08-2022,0,0.51,0.44,1.4,27.5,77
28-08-2022,0,0.49,0.4,1.3,28.4,74
29-08-2022,2,0.54,0.5,1.3,28.3,76
30-08-2022,53,0.58,0.59,1.2,27.3,83
31-08-2022,24,0.62,0.69,1.2,27.9,79
1/9/2022,0,0.62,0.69,1.2,28,76
2/9/2022,0,0.58,0.59,1.3,28.3,77
3/9/2022,8,0.55,0.53,1.3,28.7,78
4/9/2022,0,0.57,0.57,1.2,28.3,79
5/9/2022,4,0.58,0.59,1.3,28.6,76
6/9/2022,1,0.69,0.88,1.3,,
7/9/2022,0,0.6,0.64,1.4,27.9,74
8/9/2022,13,0.57,0.57,1.4,28.2,78
9/9/2022,2,0.7,0.91,1.3,,
10/9/2022,0,0.74,1.03,1.3,28.2,75
11/9/2022,0,0.61,0.66,1.3,28.1,69
12/9/2022,0,0.57,0.57,1.2,28.2,72
13-09-2022,0,0.52,0.46,1.2,28.9,74
14-09-2022,0,0.51,0.44,1.3,28.6,74
15-09-2022,0,0.48,0.38,1.3,28.5,72
16-09-2022,0,0.49,0.4,1.4,29.7,67
17-09-2022,0,0.48,0.38,1.4,28.5,74
18-09-2022,0,0.49,0.4,1.3,29.2,72
19-09-2022,0,0.5,0.42,1.2,28.1,72
20-09-2022,0,0.58,0.59,1.3,27.7,82
21-09-2022,75,0.56,0.55,1.3,27.9,84
22-09-2022,5,0.67,0.82,1.3,27.4,83
23-09-2022,0,0.63,0.71,1.3,28.8,78
24-09-2022,0,0.57,0.57,1.3,28.7,78
25-09-2022,0,0.54,0.5,1.2,29.2,71
26-09-2022,5,0.52,0.46,1.1,28.4,77
27-09-2022,0,0.51,0.44,1.2,29.1,69
28-09-2022,0,0.49,0.4,1.3,28.6,70
29-09-2022,4,0.58,0.59,1.4,28.4,77
30-09-2022,20,0.62,0.69,1.4,28.1,80
1/10/2022,6,0.86,1.44,1.4,28.7,77
2/10/2022,16,0.75,1.06,1.4,28.6,75
3/10/2022,7,1.05,2.25,1.3,27.6,80
4/10/2022,0,1.24,3.26,1.2,28.2,76
5/10/2022,45,1.03,2.16,1.3,28.2,79
6/10/2022,24,1.68,14.2,1.2,26.4,90
7/10/2022,0,1.59,12.5,1.2,27.9,82
8/10/2022,28,1.13,2.65,1.2,29.1,81
9/10/2022,0,0.99,1.97,1.1,28.1,82
10/10/2022,80,0.95,1.8,1.1,27.8,85
11/10/2022,27,1.61,12.9,1.3,26.9,87
12/10/2022,11,1.3,3.63,1.4,27.2,86
13-10-2022,25,1.28,3.5,1.5,27,82
14-10-2022,41,1.81,16.8,1.5,27.2,83
15-10-2022,28,2.47,33.3,1.5,28.2,77
16-10-2022,11,2.23,26.7,1.5,27.5,85
17-10-2022,0,1.52,11.3,1.4,27.9,80
18-10-2022,59,1.57,12.2,1.3,27.6,87
19-10-2022,15,2.59,36.8,1.2,27.6,84
20-10-2022,20,2.84,44.8,1.2,29.1,78
21-10-2022,0,1.93,19.4,1.2,29.2,78
22-10-2022,66,1.82,17,1.1,27.9,84
23-10-2022,44,1.73,15.2,1,28.2,81
24-10-2022,8,2.08,22.9,1.1,28.8,81
25-10-2022,0,2.62,37.7,1.3,29.1,79
26-10-2022,10,1.94,19.7,1.4,28.8,80
27-10-2022,0,2.2,25.9,1.5,,
28-10-2022,4,1.45,4.62,1.5,,
29-10-2022,7,1.32,3.75,1.5,28,75
30-10-2022,0,1.43,4.48,1.5,29.3,72
31-10-2022,5,1.19,2.98,1.5,29.8,70
1/11/2022,2,1.05,2.25,1.4,29,76
2/11/2022,15,1.06,2.3,1.3,,
3/11/2022,0,1.19,2.98,1.2,,
4/11/2022,37,1.06,2.3,1.1,28.2,80
5/11/2022,33,1.1,2.5,1,27.3,86
6/11/2022,13,1.08,2.4,1,27.8,84
7/11/2022,43,1.32,3.75,1.2,26.6,85
8/11/2022,55,1.63,13.3,1.3,26.8,84
9/11/2022,28,2.16,24.9,1.4,27.7,82
10/11/2022,45,1.96,20.1,1.5,27.4,83
11/11/2022,0,1.74,15.4,1.6,27.8,80
12/11/2022,76,1.94,19.7,1.6,27.9,81
13-11-2022,0,2.97,49.2,1.6,27.9,79
14-11-2022,10,1.85,17.7,1.5,27.7,84
15-11-2022,78,3.3,61.2,1.4,27.4,86
16-11-2022,94,4.72,127,1.3,27.8,84
17-11-2022,0,5.37,164,1.2,28,78
18-11-2022,178,3.59,72.8,1.1,26,91
19-11-2022,0,5.46,170,1.1,26.6,88
20-11-2022,0,2.83,44.4,1.1,,
21-11-2022,0,1.99,20.8,1.2,28.3,76
22-11-2022,0,1.57,12.2,1.3,28.9,76
23-11-2022,15,1.51,11.1,1.4,27.8,80
24-11-2022,0,1.29,3.56,1.5,27.2,83
25-11-2022,0,1.24,3.26,1.6,27.5,80
26-11-2022,3,1.23,3.21,1.6,28.3,81
27-11-2022,4,1.24,3.26,1.6,26.9,84
28-11-2022,0,1.04,2.2,1.5,28.4,77
29-11-2022,20.5,0.97,1.89,1.5,27.2,84
30-11-2022,24,1.17,2.87,1.4,27.5,85
1/12/2022,16,1.71,14.8,1.3,26.5,88
2/12/2022,0,1.45,4.62,1.2,26.8,87
3/12/2022,0,1.18,2.92,1.2,28.1,77
4/12/2022,0,1.5,10.9,1.1,27.8,78
5/12/2022,0,1.2,3.03,1.2,27.8,78
6/12/2022,19,1.65,13.6,1.3,28,73
7/12/2022,8,1.44,4.55,1.4,29.1,72
8/12/2022,4,1.17,2.87,1.5,28.5,72
9/12/2022,0,1.09,2.45,1.6,28.6,73
10/12/2022,0,1.02,2.11,1.6,28.8,74
11/12/2022,0,0.94,1.76,1.6,29,78
12/12/2022,17,0.88,1.52,1.6,28.2,80
13-12-2022,18,1.31,3.69,1.5,27.3,84
14-12-2022,41,2.03,21.7,1.4,28,82
15-12-2022,2.5,1.65,13.6,1.3,26.2,87
16-12-2022,18,1.5,10.9,1.2,26.1,87
17-12-2022,32,1.87,18.1,1.2,25.2,93
18-12-2022,12.5,2.53,35,1.2,25.8,90
19-12-2022,32,2.02,21.5,1.2,27.2,80
20-12-2022,18,1.78,16.2,1.3,27.5,81
21-12-2022,0,1.51,11.1,1.4,27.7,78
22-12-2022,99,1.28,3.5,1.5,27.3,82
23-12-2022,122,4.9,137,1.5,27.1,88
24-12-2022,92,5.65,182,1.6,26.5,85
25-12-2022,52,5.27,158,1.6,25.7,90
26-12-2022,21,4.52,116,1.5,27,83
27-12-2022,120,3.9,86.2,1.5,25.2,86
28-12-2022,65,5.09,147,1.4,24.6,95
29-12-2022,45,4.98,141,1.4,24.7,93
30-12-2022,47,4.53,117,1.3,25.3,92
31-12-2022,12,4.09,95,1.2,27.3,84
